report_name,report_agency,domain,visits,week,year
domain,health-human-services,cdc.gov,3857906,53,2020
domain,health-human-services,covid.cdc.gov,211642,53,2020
domain,health-human-services,vaccines.gov,18842,53,2020
domain,health-human-services,cdc.gov,3511070,53,2020
domain,health-human-services,covid.cdc.gov,204121,53,2020
domain,health-human-services,vaccines.gov,18577,53,2020
domain,health-human-services,cdc.gov,3260844,53,2020
domain,health-human-services,covid.cdc.gov,211017,53,2020
domain,health-human-services,vaccines.gov,16712,53,2020
domain,health-human-services,cdc.gov,3911730,53,2020
domain,health-human-services,covid.cdc.gov,208372,53,2020
domain,health-human-services,vaccines.gov,19973,53,2020
domain,health-human-services,cdc.gov,4885937,53,2020
domain,health-human-services,covid.cdc.gov,225765,53,2020
domain,health-human-services,vaccines.gov,23048,53,2020
domain,health-human-services,cdc.gov,4763475,53,2020
domain,health-human-services,covid.cdc.gov,225339,53,2020
domain,health-human-services,vaccines.gov,17451,53,2020
domain,health-human-services,cdc.gov,4444119,53,2020
domain,health-human-services,covid.cdc.gov,222967,53,2020
domain,health-human-services,vaccines.gov,15499,53,2020
domain,health-human-services,cdc.gov,3409197,52,2020
domain,health-human-services,covid.cdc.gov,174434,52,2020
domain,health-human-services,vaccines.gov,10177,52,2020
domain,health-human-services,cdc.gov,2891874,52,2020
domain,health-human-services,covid.cdc.gov,152764,52,2020
domain,health-human-services,vaccines.gov,8625,52,2020
domain,health-human-services,cdc.gov,2346670,52,2020
domain,health-human-services,covid.cdc.gov,124661,52,2020
domain,health-human-services,vaccines.gov,6397,52,2020
domain,health-human-services,cdc.gov,3155007,52,2020
domain,health-human-services,covid.cdc.gov,146551,52,2020
domain,health-human-services,vaccines.gov,8940,52,2020
domain,health-human-services,cdc.gov,4201924,52,2020
domain,health-human-services,covid.cdc.gov,180337,52,2020
domain,health-human-services,vaccines.gov,12593,52,2020
domain,health-human-services,cdc.gov,4625004,52,2020
domain,health-human-services,covid.cdc.gov,200295,52,2020
domain,health-human-services,vaccines.gov,14246,52,2020
domain,health-human-services,cdc.gov,4627780,52,2020
domain,health-human-services,covid.cdc.gov,196765,52,2020
domain,health-human-services,vaccines.gov,15755,52,2020
domain,health-human-services,cdc.gov,3709656,51,2020
domain,health-human-services,covid.cdc.gov,161084,51,2020
domain,health-human-services,vaccines.gov,12168,51,2020
domain,health-human-services,cdc.gov,3647615,51,2020
domain,health-human-services,covid.cdc.gov,147527,51,2020
domain,health-human-services,vaccines.gov,11083,51,2020
domain,health-human-services,cdc.gov,4552880,51,2020
domain,health-human-services,covid.cdc.gov,178039,51,2020
domain,health-human-services,vaccines.gov,14672,51,2020
domain,health-human-services,cdc.gov,4927347,51,2020
domain,health-human-services,covid.cdc.gov,208291,51,2020
domain,health-human-services,vaccines.gov,15223,51,2020
domain,health-human-services,cdc.gov,4692134,51,2020
domain,health-human-services,covid.cdc.gov,171299,51,2020
domain,health-human-services,vaccines.gov,16321,51,2020
domain,health-human-services,cdc.gov,4826358,51,2020
domain,health-human-services,covid.cdc.gov,170987,51,2020
domain,health-human-services,vaccines.gov,17392,51,2020
domain,health-human-services,cdc.gov,5110427,51,2020
domain,health-human-services,covid.cdc.gov,204050,51,2020
domain,health-human-services,vaccines.gov,18913,51,2020
domain,health-human-services,cdc.gov,3635939,50,2020
domain,health-human-services,covid.cdc.gov,156953,50,2020
domain,health-human-services,vaccines.gov,11933,50,2020
domain,health-human-services,cdc.gov,3453116,50,2020
domain,health-human-services,covid.cdc.gov,153838,50,2020
domain,health-human-services,vaccines.gov,11025,50,2020
domain,health-human-services,cdc.gov,3924676,50,2020
domain,health-human-services,covid.cdc.gov,197299,50,2020
domain,health-human-services,vaccines.gov,14383,50,2020
domain,health-human-services,cdc.gov,4134542,50,2020
domain,health-human-services,covid.cdc.gov,226053,50,2020
domain,health-human-services,vaccines.gov,16138,50,2020
domain,health-human-services,cdc.gov,4285403,50,2020
domain,health-human-services,covid.cdc.gov,220562,50,2020
domain,health-human-services,vaccines.gov,16870,50,2020
domain,health-human-services,cdc.gov,4316450,50,2020
domain,health-human-services,covid.cdc.gov,230095,50,2020
domain,health-human-services,vaccines.gov,16028,50,2020
domain,health-human-services,cdc.gov,4283586,50,2020
domain,health-human-services,covid.cdc.gov,243719,50,2020
domain,health-human-services,vaccines.gov,13667,50,2020
domain,health-human-services,cdc.gov,3161046,49,2020
domain,health-human-services,covid.cdc.gov,174408,49,2020
domain,health-human-services,vaccines.gov,10219,49,2020
domain,health-human-services,cdc.gov,2965694,49,2020
domain,health-human-services,covid.cdc.gov,166839,49,2020
domain,health-human-services,vaccines.gov,8644,49,2020
domain,health-human-services,cdc.gov,3938599,49,2020
domain,health-human-services,covid.cdc.gov,217084,49,2020
domain,health-human-services,vaccines.gov,12240,49,2020
domain,health-human-services,cdc.gov,4551047,49,2020
domain,health-human-services,covid.cdc.gov,218148,49,2020
domain,health-human-services,vaccines.gov,19562,49,2020
domain,health-human-services,cdc.gov,4618788,49,2020
domain,health-human-services,covid.cdc.gov,190500,49,2020
domain,health-human-services,vaccines.gov,20759,49,2020
domain,health-human-services,cdc.gov,4145744,49,2020
domain,health-human-services,covid.cdc.gov,186238,49,2020
domain,health-human-services,vaccines.gov,16793,49,2020
domain,health-human-services,cdc.gov,4226515,49,2020
domain,health-human-services,covid.cdc.gov,211627,49,2020
domain,health-human-services,vaccines.gov,16320,49,2020
domain,health-human-services,cdc.gov,3092622,48,2020
domain,health-human-services,covid.cdc.gov,150735,48,2020
domain,health-human-services,vaccines.gov,10665,48,2020
domain,health-human-services,cdc.gov,2884065,48,2020
domain,health-human-services,covid.cdc.gov,145393,48,2020
domain,health-human-services,vaccines.gov,9450,48,2020
domain,health-human-services,cdc.gov,3135947,48,2020
domain,health-human-services,covid.cdc.gov,150954,48,2020
domain,health-human-services,vaccines.gov,10354,48,2020
domain,health-human-services,cdc.gov,2993356,48,2020
domain,health-human-services,covid.cdc.gov,128176,48,2020
domain,health-human-services,vaccines.gov,10606,48,2020
domain,health-human-services,cdc.gov,4266639,48,2020
domain,health-human-services,covid.cdc.gov,185288,48,2020
domain,health-human-services,vaccines.gov,13671,48,2020
domain,health-human-services,cdc.gov,4971093,48,2020
domain,health-human-services,covid.cdc.gov,231626,48,2020
domain,health-human-services,vaccines.gov,16531,48,2020
domain,health-human-services,cdc.gov,7783083,48,2020
domain,health-human-services,covid.cdc.gov,240929,48,2020
domain,health-human-services,vaccines.gov,16518,48,2020
domain,health-human-services,cdc.gov,3613916,47,2020
domain,health-human-services,covid.cdc.gov,190366,47,2020
domain,health-human-services,vaccines.gov,10945,47,2020
domain,health-human-services,cdc.gov,3088262,47,2020
domain,health-human-services,covid.cdc.gov,178717,47,2020
domain,health-human-services,vaccines.gov,9879,47,2020
domain,health-human-services,cdc.gov,4128754,47,2020
domain,health-human-services,covid.cdc.gov,236322,47,2020
domain,health-human-services,vaccines.gov,13884,47,2020
domain,health-human-services,cdc.gov,4705168,47,2020
domain,health-human-services,covid.cdc.gov,284042,47,2020
domain,health-human-services,vaccines.gov,14927,47,2020
domain,health-human-services,cdc.gov,4615067,47,2020
domain,health-human-services,covid.cdc.gov,275808,47,2020
domain,health-human-services,vaccines.gov,16973,47,2020
domain,health-human-services,cdc.gov,4477455,47,2020
domain,health-human-services,covid.cdc.gov,283319,47,2020
domain,health-human-services,vaccines.gov,15435,47,2020
domain,health-human-services,cdc.gov,4528438,47,2020
domain,health-human-services,covid.cdc.gov,318077,47,2020
domain,health-human-services,vaccines.gov,16454,47,2020
domain,health-human-services,cdc.gov,3230696,46,2020
domain,health-human-services,covid.cdc.gov,222854,46,2020
domain,health-human-services,vaccines.gov,9375,46,2020
domain,health-human-services,cdc.gov,2924923,46,2020
domain,health-human-services,covid.cdc.gov,215005,46,2020
domain,health-human-services,vaccines.gov,8681,46,2020
domain,health-human-services,cdc.gov,3932063,46,2020
domain,health-human-services,covid.cdc.gov,273992,46,2020
domain,health-human-services,vaccines.gov,12972,46,2020
domain,health-human-services,cdc.gov,4237633,46,2020
domain,health-human-services,covid.cdc.gov,298542,46,2020
domain,health-human-services,vaccines.gov,14754,46,2020
domain,health-human-services,cdc.gov,3913853,46,2020
domain,health-human-services,covid.cdc.gov,251430,46,2020
domain,health-human-services,vaccines.gov,15335,46,2020
domain,health-human-services,cdc.gov,3891631,46,2020
domain,health-human-services,covid.cdc.gov,228645,46,2020
domain,health-human-services,vaccines.gov,18085,46,2020
domain,health-human-services,cdc.gov,3888187,46,2020
domain,health-human-services,covid.cdc.gov,210703,46,2020
domain,health-human-services,vaccines.gov,18705,46,2020
domain,health-human-services,cdc.gov,2625244,45,2020
domain,health-human-services,covid.cdc.gov,143823,45,2020
domain,health-human-services,vaccines.gov,10901,45,2020
domain,health-human-services,cdc.gov,2285510,45,2020
domain,health-human-services,covid.cdc.gov,130851,45,2020
domain,health-human-services,vaccines.gov,10766,45,2020
domain,health-human-services,cdc.gov,3063891,45,2020
domain,health-human-services,covid.cdc.gov,156688,45,2020
domain,health-human-services,vaccines.gov,14289,45,2020
domain,health-human-services,cdc.gov,3333430,45,2020
domain,health-human-services,covid.cdc.gov,164832,45,2020
domain,health-human-services,vaccines.gov,15644,45,2020
domain,health-human-services,cdc.gov,3172635,45,2020
domain,health-human-services,covid.cdc.gov,141760,45,2020
domain,health-human-services,vaccines.gov,13754,45,2020
domain,health-human-services,cdc.gov,3353751,45,2020
domain,health-human-services,covid.cdc.gov,161412,45,2020
domain,health-human-services,vaccines.gov,11526,45,2020
domain,health-human-services,cdc.gov,3703220,45,2020
domain,health-human-services,covid.cdc.gov,222287,45,2020
domain,health-human-services,vaccines.gov,11615,45,2020
domain,health-human-services,cdc.gov,2791478,44,2020
domain,health-human-services,covid.cdc.gov,181382,44,2020
domain,health-human-services,vaccines.gov,7773,44,2020
domain,health-human-services,cdc.gov,2523418,44,2020
domain,health-human-services,covid.cdc.gov,164255,44,2020
domain,health-human-services,vaccines.gov,6959,44,2020
domain,health-human-services,cdc.gov,3481486,44,2020
domain,health-human-services,covid.cdc.gov,225824,44,2020
domain,health-human-services,vaccines.gov,10955,44,2020
domain,health-human-services,cdc.gov,3787879,44,2020
domain,health-human-services,covid.cdc.gov,237178,44,2020
domain,health-human-services,vaccines.gov,13258,44,2020
domain,health-human-services,cdc.gov,3800432,44,2020
domain,health-human-services,covid.cdc.gov,251626,44,2020
domain,health-human-services,vaccines.gov,15149,44,2020
domain,health-human-services,cdc.gov,3807759,44,2020
domain,health-human-services,covid.cdc.gov,222720,44,2020
domain,health-human-services,vaccines.gov,13896,44,2020
domain,health-human-services,cdc.gov,3784482,44,2020
domain,health-human-services,covid.cdc.gov,243014,44,2020
domain,health-human-services,vaccines.gov,13111,44,2020
domain,health-human-services,cdc.gov,2671883,43,2020
domain,health-human-services,covid.cdc.gov,163804,43,2020
domain,health-human-services,vaccines.gov,8251,43,2020
domain,health-human-services,cdc.gov,2470612,43,2020
domain,health-human-services,covid.cdc.gov,159988,43,2020
domain,health-human-services,vaccines.gov,7557,43,2020
domain,health-human-services,cdc.gov,3222719,43,2020
domain,health-human-services,covid.cdc.gov,183847,43,2020
domain,health-human-services,vaccines.gov,12773,43,2020
domain,health-human-services,cdc.gov,3702135,43,2020
domain,health-human-services,covid.cdc.gov,193560,43,2020
domain,health-human-services,vaccines.gov,18066,43,2020
domain,health-human-services,cdc.gov,3742818,43,2020
domain,health-human-services,covid.cdc.gov,185274,43,2020
domain,health-human-services,vaccines.gov,28032,43,2020
domain,health-human-services,cdc.gov,3696843,43,2020
domain,health-human-services,covid.cdc.gov,209588,43,2020
domain,health-human-services,vaccines.gov,14756,43,2020
domain,health-human-services,cdc.gov,3608956,43,2020
domain,health-human-services,covid.cdc.gov,215812,43,2020
domain,health-human-services,vaccines.gov,13288,43,2020
domain,health-human-services,cdc.gov,2538188,42,2020
domain,health-human-services,covid.cdc.gov,139377,42,2020
domain,health-human-services,vaccines.gov,8197,42,2020
domain,health-human-services,cdc.gov,2324028,42,2020
domain,health-human-services,covid.cdc.gov,129851,42,2020
domain,health-human-services,vaccines.gov,7313,42,2020
domain,health-human-services,cdc.gov,3152882,42,2020
domain,health-human-services,covid.cdc.gov,159165,42,2020
domain,health-human-services,vaccines.gov,11941,42,2020
domain,health-human-services,cdc.gov,3547369,42,2020
domain,health-human-services,covid.cdc.gov,178512,42,2020
domain,health-human-services,vaccines.gov,13806,42,2020
domain,health-human-services,cdc.gov,3533564,42,2020
domain,health-human-services,covid.cdc.gov,171936,42,2020
domain,health-human-services,vaccines.gov,15467,42,2020
domain,health-human-services,cdc.gov,3583037,42,2020
domain,health-human-services,covid.cdc.gov,181099,42,2020
domain,health-human-services,vaccines.gov,17017,42,2020
domain,health-human-services,cdc.gov,3482708,42,2020
domain,health-human-services,covid.cdc.gov,164155,42,2020
domain,health-human-services,vaccines.gov,21622,42,2020
domain,health-human-services,cdc.gov,2565792,41,2020
domain,health-human-services,covid.cdc.gov,108823,41,2020
domain,health-human-services,vaccines.gov,7648,41,2020
domain,health-human-services,cdc.gov,2411823,41,2020
domain,health-human-services,covid.cdc.gov,102059,41,2020
domain,health-human-services,vaccines.gov,7805,41,2020
domain,health-human-services,cdc.gov,3183508,41,2020
domain,health-human-services,covid.cdc.gov,130649,41,2020
domain,health-human-services,vaccines.gov,11022,41,2020
domain,health-human-services,cdc.gov,3629673,41,2020
domain,health-human-services,covid.cdc.gov,141042,41,2020
domain,health-human-services,vaccines.gov,13887,41,2020
domain,health-human-services,cdc.gov,4057977,41,2020
domain,health-human-services,covid.cdc.gov,156680,41,2020
domain,health-human-services,vaccines.gov,15096,41,2020
domain,health-human-services,cdc.gov,4215100,41,2020
domain,health-human-services,covid.cdc.gov,164865,41,2020
domain,health-human-services,vaccines.gov,13183,41,2020
domain,health-human-services,cdc.gov,3920624,41,2020
domain,health-human-services,covid.cdc.gov,176128,41,2020
domain,health-human-services,vaccines.gov,13003,41,2020
domain,health-human-services,cdc.gov,2613816,40,2020
domain,health-human-services,covid.cdc.gov,108316,40,2020
domain,health-human-services,vaccines.gov,7589,40,2020
domain,health-human-services,cdc.gov,2511865,40,2020
domain,health-human-services,covid.cdc.gov,105006,40,2020
domain,health-human-services,vaccines.gov,7017,40,2020
domain,health-human-services,cdc.gov,3798837,40,2020
domain,health-human-services,covid.cdc.gov,150978,40,2020
domain,health-human-services,vaccines.gov,10933,40,2020
domain,health-human-services,cdc.gov,3252165,40,2020
domain,health-human-services,covid.cdc.gov,152930,40,2020
domain,health-human-services,vaccines.gov,12500,40,2020
domain,health-human-services,cdc.gov,3285682,40,2020
domain,health-human-services,covid.cdc.gov,137886,40,2020
domain,health-human-services,vaccines.gov,12440,40,2020
domain,health-human-services,cdc.gov,3695825,40,2020
domain,health-human-services,covid.cdc.gov,171061,40,2020
domain,health-human-services,vaccines.gov,13149,40,2020
domain,health-human-services,cdc.gov,3556562,40,2020
domain,health-human-services,covid.cdc.gov,187292,40,2020
domain,health-human-services,vaccines.gov,12935,40,2020
domain,health-human-services,cdc.gov,2539421,39,2020
domain,health-human-services,covid.cdc.gov,131976,39,2020
domain,health-human-services,vaccines.gov,8025,39,2020
domain,health-human-services,cdc.gov,2357913,39,2020
domain,health-human-services,covid.cdc.gov,125781,39,2020
domain,health-human-services,vaccines.gov,7734,39,2020
domain,health-human-services,cdc.gov,3132613,39,2020
domain,health-human-services,covid.cdc.gov,163939,39,2020
domain,health-human-services,vaccines.gov,12714,39,2020
domain,health-human-services,cdc.gov,3660806,39,2020
domain,health-human-services,covid.cdc.gov,192897,39,2020
domain,health-human-services,vaccines.gov,14339,39,2020
domain,health-human-services,cdc.gov,3700361,39,2020
domain,health-human-services,covid.cdc.gov,198072,39,2020
domain,health-human-services,vaccines.gov,15992,39,2020
domain,health-human-services,cdc.gov,3775181,39,2020
domain,health-human-services,covid.cdc.gov,216094,39,2020
domain,health-human-services,vaccines.gov,25594,39,2020
domain,health-human-services,cdc.gov,3699016,39,2020
domain,health-human-services,covid.cdc.gov,208013,39,2020
domain,health-human-services,vaccines.gov,20739,39,2020
domain,health-human-services,cdc.gov,2318863,38,2020
domain,health-human-services,covid.cdc.gov,119208,38,2020
domain,health-human-services,vaccines.gov,8840,38,2020
domain,health-human-services,cdc.gov,2108269,38,2020
domain,health-human-services,covid.cdc.gov,104128,38,2020
domain,health-human-services,vaccines.gov,8708,38,2020
domain,health-human-services,cdc.gov,2979165,38,2020
domain,health-human-services,covid.cdc.gov,145915,38,2020
domain,health-human-services,vaccines.gov,19734,38,2020
domain,health-human-services,cdc.gov,3366410,38,2020
domain,health-human-services,covid.cdc.gov,164728,38,2020
domain,health-human-services,vaccines.gov,14855,38,2020
domain,health-human-services,cdc.gov,3358977,38,2020
domain,health-human-services,covid.cdc.gov,159387,38,2020
domain,health-human-services,vaccines.gov,14711,38,2020
domain,health-human-services,cdc.gov,3280660,38,2020
domain,health-human-services,covid.cdc.gov,164116,38,2020
domain,health-human-services,vaccines.gov,12493,38,2020
domain,health-human-services,cdc.gov,3404794,38,2020
domain,health-human-services,covid.cdc.gov,183307,38,2020
domain,health-human-services,vaccines.gov,11991,38,2020
domain,health-human-services,cdc.gov,2424775,37,2020
domain,health-human-services,covid.cdc.gov,121601,37,2020
domain,health-human-services,vaccines.gov,7337,37,2020
domain,health-human-services,cdc.gov,2319406,37,2020
domain,health-human-services,covid.cdc.gov,108724,37,2020
domain,health-human-services,vaccines.gov,6868,37,2020
domain,health-human-services,cdc.gov,3083397,37,2020
domain,health-human-services,covid.cdc.gov,143050,37,2020
domain,health-human-services,vaccines.gov,10275,37,2020
domain,health-human-services,cdc.gov,3381321,37,2020
domain,health-human-services,covid.cdc.gov,164983,37,2020
domain,health-human-services,vaccines.gov,12047,37,2020
domain,health-human-services,cdc.gov,3400790,37,2020
domain,health-human-services,covid.cdc.gov,162078,37,2020
domain,health-human-services,vaccines.gov,11770,37,2020
domain,health-human-services,cdc.gov,3360161,37,2020
domain,health-human-services,covid.cdc.gov,176354,37,2020
domain,health-human-services,vaccines.gov,11108,37,2020
domain,health-human-services,cdc.gov,2524428,37,2020
domain,health-human-services,covid.cdc.gov,125028,37,2020
domain,health-human-services,vaccines.gov,11767,37,2020
domain,health-human-services,cdc.gov,2170450,36,2020
domain,health-human-services,covid.cdc.gov,109068,36,2020
domain,health-human-services,vaccines.gov,6324,36,2020
domain,health-human-services,cdc.gov,2108693,36,2020
domain,health-human-services,covid.cdc.gov,112255,36,2020
domain,health-human-services,vaccines.gov,6139,36,2020
domain,health-human-services,cdc.gov,2878352,36,2020
domain,health-human-services,covid.cdc.gov,174127,36,2020
domain,health-human-services,vaccines.gov,9256,36,2020
domain,health-human-services,cdc.gov,3394529,36,2020
domain,health-human-services,covid.cdc.gov,261387,36,2020
domain,health-human-services,vaccines.gov,10989,36,2020
domain,health-human-services,cdc.gov,3761457,36,2020
domain,health-human-services,covid.cdc.gov,365590,36,2020
domain,health-human-services,vaccines.gov,10974,36,2020
domain,health-human-services,cdc.gov,4068773,36,2020
domain,health-human-services,covid.cdc.gov,519534,36,2020
domain,health-human-services,vaccines.gov,10105,36,2020
domain,health-human-services,cdc.gov,5541222,36,2020
domain,health-human-services,covid.cdc.gov,971672,36,2020
domain,health-human-services,vaccines.gov,9440,36,2020
domain,health-human-services,cdc.gov,5306711,35,2020
domain,health-human-services,covid.cdc.gov,914350,35,2020
domain,health-human-services,vaccines.gov,6057,35,2020
domain,health-human-services,cdc.gov,2572247,35,2020
domain,health-human-services,covid.cdc.gov,311702,35,2020
domain,health-human-services,vaccines.gov,5975,35,2020
domain,health-human-services,cdc.gov,2832764,35,2020
domain,health-human-services,covid.cdc.gov,266847,35,2020
domain,health-human-services,vaccines.gov,9048,35,2020
domain,health-human-services,cdc.gov,3249813,35,2020
domain,health-human-services,covid.cdc.gov,93449,35,2020
domain,health-human-services,vaccines.gov,11136,35,2020
domain,health-human-services,cdc.gov,3509735,35,2020
domain,health-human-services,covid.cdc.gov,84557,35,2020
domain,health-human-services,vaccines.gov,9984,35,2020
domain,health-human-services,cdc.gov,3596568,35,2020
domain,health-human-services,covid.cdc.gov,90824,35,2020
domain,health-human-services,vaccines.gov,9469,35,2020
domain,health-human-services,cdc.gov,3633114,35,2020
domain,health-human-services,covid.cdc.gov,11702,35,2020
domain,health-human-services,vaccines.gov,8988,35,2020
domain,health-human-services,cdc.gov,2580338,34,2020
domain,health-human-services,vaccines.gov,6256,34,2020
domain,health-human-services,cdc.gov,2409151,34,2020
domain,health-human-services,vaccines.gov,5695,34,2020
domain,health-human-services,cdc.gov,3077112,34,2020
domain,health-human-services,vaccines.gov,8258,34,2020
domain,health-human-services,cdc.gov,3398619,34,2020
domain,health-human-services,vaccines.gov,9027,34,2020
domain,health-human-services,cdc.gov,3640714,34,2020
domain,health-human-services,vaccines.gov,10059,34,2020
domain,health-human-services,cdc.gov,3624176,34,2020
domain,health-human-services,vaccines.gov,10434,34,2020
domain,health-human-services,cdc.gov,3683426,34,2020
domain,health-human-services,vaccines.gov,10642,34,2020
domain,health-human-services,cdc.gov,2654250,33,2020
domain,health-human-services,vaccines.gov,6049,33,2020
domain,health-human-services,cdc.gov,2526400,33,2020
domain,health-human-services,vaccines.gov,5542,33,2020
domain,health-human-services,cdc.gov,3348270,33,2020
domain,health-human-services,vaccines.gov,9145,33,2020
domain,health-human-services,cdc.gov,3706619,33,2020
domain,health-human-services,vaccines.gov,9872,33,2020
domain,health-human-services,cdc.gov,3684901,33,2020
domain,health-human-services,vaccines.gov,10559,33,2020
domain,health-human-services,cdc.gov,3753226,33,2020
domain,health-human-services,vaccines.gov,11366,33,2020
domain,health-human-services,cdc.gov,3758496,33,2020
domain,health-human-services,vaccines.gov,8895,33,2020
domain,health-human-services,cdc.gov,2873757,32,2020
domain,health-human-services,vaccines.gov,5940,32,2020
domain,health-human-services,cdc.gov,2807842,32,2020
domain,health-human-services,vaccines.gov,5820,32,2020
domain,health-human-services,cdc.gov,3512214,32,2020
domain,health-human-services,vaccines.gov,7428,32,2020
domain,health-human-services,cdc.gov,3852191,32,2020
domain,health-human-services,vaccines.gov,8447,32,2020
domain,health-human-services,cdc.gov,3933487,32,2020
domain,health-human-services,vaccines.gov,8651,32,2020
domain,health-human-services,cdc.gov,4049724,32,2020
domain,health-human-services,vaccines.gov,8204,32,2020
domain,health-human-services,cdc.gov,4168723,32,2020
domain,health-human-services,vaccines.gov,7816,32,2020
domain,health-human-services,cdc.gov,3101954,31,2020
domain,health-human-services,vaccines.gov,5423,31,2020
domain,health-human-services,cdc.gov,2904665,31,2020
domain,health-human-services,vaccines.gov,5113,31,2020
domain,health-human-services,cdc.gov,3664890,31,2020
domain,health-human-services,vaccines.gov,7033,31,2020
domain,health-human-services,cdc.gov,4054448,31,2020
domain,health-human-services,vaccines.gov,8180,31,2020
domain,health-human-services,cdc.gov,4162555,31,2020
domain,health-human-services,vaccines.gov,8757,31,2020
domain,health-human-services,cdc.gov,4310141,31,2020
domain,health-human-services,vaccines.gov,9076,31,2020
domain,health-human-services,cdc.gov,4550652,31,2020
domain,health-human-services,vaccines.gov,8681,31,2020
domain,health-human-services,cdc.gov,3291265,30,2020
domain,health-human-services,vaccines.gov,5862,30,2020
domain,health-human-services,cdc.gov,3230904,30,2020
domain,health-human-services,vaccines.gov,5277,30,2020
domain,health-human-services,cdc.gov,4538513,30,2020
domain,health-human-services,vaccines.gov,7467,30,2020
domain,health-human-services,cdc.gov,4516297,30,2020
domain,health-human-services,vaccines.gov,8822,30,2020
domain,health-human-services,cdc.gov,4525219,30,2020
domain,health-human-services,vaccines.gov,9150,30,2020
domain,health-human-services,cdc.gov,4641297,30,2020
domain,health-human-services,vaccines.gov,9323,30,2020
domain,health-human-services,cdc.gov,4823427,30,2020
domain,health-human-services,vaccines.gov,9307,30,2020
domain,health-human-services,cdc.gov,3738242,29,2020
domain,health-human-services,vaccines.gov,5741,29,2020
domain,health-human-services,cdc.gov,3541629,29,2020
domain,health-human-services,vaccines.gov,5495,29,2020
domain,health-human-services,cdc.gov,4522077,29,2020
domain,health-human-services,vaccines.gov,7217,29,2020
domain,health-human-services,cdc.gov,5075847,29,2020
domain,health-human-services,vaccines.gov,8319,29,2020
domain,health-human-services,cdc.gov,5412135,29,2020
domain,health-human-services,vaccines.gov,9053,29,2020
domain,health-human-services,cdc.gov,5243981,29,2020
domain,health-human-services,vaccines.gov,8460,29,2020
domain,health-human-services,cdc.gov,5193048,29,2020
domain,health-human-services,vaccines.gov,7796,29,2020
domain,health-human-services,cdc.gov,3724380,28,2020
domain,health-human-services,vaccines.gov,5395,28,2020
domain,health-human-services,cdc.gov,3459441,28,2020
domain,health-human-services,vaccines.gov,5171,28,2020
domain,health-human-services,cdc.gov,4428377,28,2020
domain,health-human-services,vaccines.gov,7050,28,2020
domain,health-human-services,cdc.gov,4820585,28,2020
domain,health-human-services,vaccines.gov,7584,28,2020
domain,health-human-services,cdc.gov,4974121,28,2020
domain,health-human-services,vaccines.gov,8165,28,2020
domain,health-human-services,cdc.gov,4949574,28,2020
domain,health-human-services,vaccines.gov,8131,28,2020
domain,health-human-services,cdc.gov,5024709,28,2020
domain,health-human-services,vaccines.gov,7365,28,2020
domain,health-human-services,cdc.gov,3486768,27,2020
domain,health-human-services,vaccines.gov,5376,27,2020
domain,health-human-services,cdc.gov,2991498,27,2020
domain,health-human-services,vaccines.gov,4961,27,2020
domain,health-human-services,cdc.gov,3843652,27,2020
domain,health-human-services,vaccines.gov,6604,27,2020
domain,health-human-services,cdc.gov,4841753,27,2020
domain,health-human-services,vaccines.gov,7793,27,2020
domain,health-human-services,cdc.gov,4789721,27,2020
domain,health-human-services,vaccines.gov,8057,27,2020
domain,health-human-services,cdc.gov,4991024,27,2020
domain,health-human-services,vaccines.gov,8470,27,2020
domain,health-human-services,cdc.gov,4969333,27,2020
domain,health-human-services,vaccines.gov,8038,27,2020
domain,health-human-services,cdc.gov,3709086,26,2020
domain,health-human-services,vaccines.gov,5611,26,2020
domain,health-human-services,cdc.gov,3551881,26,2020
domain,health-human-services,vaccines.gov,5298,26,2020
domain,health-human-services,cdc.gov,4579175,26,2020
domain,health-human-services,vaccines.gov,8362,26,2020
domain,health-human-services,cdc.gov,4695455,26,2020
domain,health-human-services,vaccines.gov,8051,26,2020
domain,health-human-services,cdc.gov,4305150,26,2020
domain,health-human-services,vaccines.gov,7849,26,2020
domain,health-human-services,cdc.gov,4056275,26,2020
domain,health-human-services,vaccines.gov,8045,26,2020
domain,health-human-services,cdc.gov,3807739,26,2020
domain,health-human-services,vaccines.gov,7085,26,2020
domain,health-human-services,cdc.gov,2383449,25,2020
domain,health-human-services,vaccines.gov,4517,25,2020
domain,health-human-services,cdc.gov,2372509,25,2020
domain,health-human-services,vaccines.gov,4449,25,2020
domain,health-human-services,cdc.gov,3112703,25,2020
domain,health-human-services,vaccines.gov,5934,25,2020
domain,health-human-services,cdc.gov,3463550,25,2020
domain,health-human-services,vaccines.gov,6928,25,2020
domain,health-human-services,cdc.gov,3461029,25,2020
domain,health-human-services,vaccines.gov,6994,25,2020
domain,health-human-services,cdc.gov,3715479,25,2020
domain,health-human-services,vaccines.gov,6679,25,2020
domain,health-human-services,cdc.gov,3741781,25,2020
domain,health-human-services,vaccines.gov,6433,25,2020
domain,health-human-services,cdc.gov,2729906,24,2020
domain,health-human-services,vaccines.gov,4492,24,2020
domain,health-human-services,cdc.gov,2398036,24,2020
domain,health-human-services,vaccines.gov,4240,24,2020
domain,health-human-services,cdc.gov,3104596,24,2020
domain,health-human-services,vaccines.gov,5849,24,2020
domain,health-human-services,cdc.gov,3291313,24,2020
domain,health-human-services,vaccines.gov,6856,24,2020
domain,health-human-services,cdc.gov,3269814,24,2020
domain,health-human-services,vaccines.gov,7182,24,2020
domain,health-human-services,cdc.gov,3360765,24,2020
domain,health-human-services,vaccines.gov,7107,24,2020
domain,health-human-services,cdc.gov,3341116,24,2020
domain,health-human-services,vaccines.gov,6852,24,2020
domain,health-human-services,cdc.gov,2367511,23,2020
domain,health-human-services,vaccines.gov,4641,23,2020
domain,health-human-services,cdc.gov,2270144,23,2020
domain,health-human-services,vaccines.gov,4529,23,2020
domain,health-human-services,cdc.gov,3033106,23,2020
domain,health-human-services,vaccines.gov,6104,23,2020
domain,health-human-services,cdc.gov,3339477,23,2020
domain,health-human-services,vaccines.gov,6712,23,2020
domain,health-human-services,cdc.gov,3497756,23,2020
domain,health-human-services,vaccines.gov,7084,23,2020
domain,health-human-services,cdc.gov,3386816,23,2020
domain,health-human-services,vaccines.gov,6776,23,2020
domain,health-human-services,cdc.gov,3478724,23,2020
domain,health-human-services,vaccines.gov,6307,23,2020
domain,health-human-services,cdc.gov,2483859,22,2020
domain,health-human-services,vaccines.gov,4674,22,2020
domain,health-human-services,cdc.gov,2549409,22,2020
domain,health-human-services,vaccines.gov,4476,22,2020
domain,health-human-services,cdc.gov,3700021,22,2020
domain,health-human-services,vaccines.gov,6146,22,2020
domain,health-human-services,cdc.gov,4340908,22,2020
domain,health-human-services,vaccines.gov,7478,22,2020
domain,health-human-services,cdc.gov,4508626,22,2020
domain,health-human-services,vaccines.gov,7688,22,2020
domain,health-human-services,cdc.gov,4749478,22,2020
domain,health-human-services,vaccines.gov,7702,22,2020
domain,health-human-services,cdc.gov,3606877,22,2020
domain,health-human-services,vaccines.gov,6538,22,2020
domain,health-human-services,cdc.gov,3278193,21,2020
domain,health-human-services,vaccines.gov,5212,21,2020
domain,health-human-services,cdc.gov,3308182,21,2020
domain,health-human-services,vaccines.gov,5295,21,2020
domain,health-human-services,cdc.gov,4580356,21,2020
domain,health-human-services,vaccines.gov,8269,21,2020
domain,health-human-services,cdc.gov,6473929,21,2020
domain,health-human-services,vaccines.gov,8502,21,2020
domain,health-human-services,cdc.gov,5685370,21,2020
domain,health-human-services,vaccines.gov,8676,21,2020
domain,health-human-services,cdc.gov,4328362,21,2020
domain,health-human-services,vaccines.gov,8995,21,2020
domain,health-human-services,cdc.gov,4537257,21,2020
domain,health-human-services,vaccines.gov,9420,21,2020
domain,health-human-services,cdc.gov,3378396,20,2020
domain,health-human-services,vaccines.gov,6629,20,2020
domain,health-human-services,cdc.gov,3216182,20,2020
domain,health-human-services,vaccines.gov,6367,20,2020
domain,health-human-services,cdc.gov,4551639,20,2020
domain,health-human-services,vaccines.gov,8945,20,2020
domain,health-human-services,cdc.gov,5141262,20,2020
domain,health-human-services,vaccines.gov,9888,20,2020
domain,health-human-services,cdc.gov,4798719,20,2020
domain,health-human-services,vaccines.gov,9625,20,2020
domain,health-human-services,cdc.gov,4871701,20,2020
domain,health-human-services,vaccines.gov,9466,20,2020
domain,health-human-services,cdc.gov,4890250,20,2020
domain,health-human-services,vaccines.gov,9569,20,2020
domain,health-human-services,cdc.gov,3286056,19,2020
domain,health-human-services,vaccines.gov,6184,19,2020
domain,health-human-services,cdc.gov,3466441,19,2020
domain,health-human-services,vaccines.gov,6378,19,2020
domain,health-human-services,cdc.gov,4516257,19,2020
domain,health-human-services,vaccines.gov,9195,19,2020
domain,health-human-services,cdc.gov,4928149,19,2020
domain,health-human-services,vaccines.gov,10817,19,2020
domain,health-human-services,cdc.gov,5131551,19,2020
domain,health-human-services,vaccines.gov,11484,19,2020
domain,health-human-services,cdc.gov,5412709,19,2020
domain,health-human-services,vaccines.gov,11047,19,2020
domain,health-human-services,cdc.gov,6452920,19,2020
domain,health-human-services,vaccines.gov,10814,19,2020
domain,health-human-services,cdc.gov,5879699,18,2020
domain,health-human-services,vaccines.gov,8095,18,2020
domain,health-human-services,cdc.gov,4839457,18,2020
domain,health-human-services,vaccines.gov,7320,18,2020
domain,health-human-services,cdc.gov,5267108,18,2020
domain,health-human-services,vaccines.gov,8968,18,2020
domain,health-human-services,cdc.gov,5601148,18,2020
domain,health-human-services,vaccines.gov,10997,18,2020
domain,health-human-services,cdc.gov,5678757,18,2020
domain,health-human-services,vaccines.gov,11408,18,2020
domain,health-human-services,cdc.gov,5855565,18,2020
domain,health-human-services,vaccines.gov,11690,18,2020
domain,health-human-services,cdc.gov,6165793,18,2020
domain,health-human-services,vaccines.gov,11391,18,2020
domain,health-human-services,cdc.gov,4591561,17,2020
domain,health-human-services,vaccines.gov,9609,17,2020
domain,health-human-services,cdc.gov,4368063,17,2020
domain,health-human-services,vaccines.gov,9354,17,2020
domain,health-human-services,cdc.gov,5683725,17,2020
domain,health-human-services,vaccines.gov,12274,17,2020
domain,health-human-services,cdc.gov,5990390,17,2020
domain,health-human-services,vaccines.gov,11841,17,2020
domain,health-human-services,cdc.gov,5970525,17,2020
domain,health-human-services,vaccines.gov,11766,17,2020
domain,health-human-services,cdc.gov,6139945,17,2020
domain,health-human-services,vaccines.gov,10880,17,2020
domain,health-human-services,cdc.gov,6414223,17,2020
domain,health-human-services,vaccines.gov,10825,17,2020
domain,health-human-services,cdc.gov,5069468,16,2020
domain,health-human-services,vaccines.gov,8723,16,2020
domain,health-human-services,cdc.gov,5165158,16,2020
domain,health-human-services,vaccines.gov,8093,16,2020
domain,health-human-services,cdc.gov,6507475,16,2020
domain,health-human-services,vaccines.gov,10377,16,2020
domain,health-human-services,cdc.gov,7182689,16,2020
domain,health-human-services,vaccines.gov,10938,16,2020
domain,health-human-services,cdc.gov,7105448,16,2020
domain,health-human-services,vaccines.gov,10567,16,2020
domain,health-human-services,cdc.gov,7304512,16,2020
domain,health-human-services,vaccines.gov,11138,16,2020
domain,health-human-services,cdc.gov,7784875,16,2020
domain,health-human-services,vaccines.gov,10527,16,2020
domain,health-human-services,cdc.gov,5883503,15,2020
domain,health-human-services,vaccines.gov,7722,15,2020
domain,health-human-services,cdc.gov,6309432,15,2020
domain,health-human-services,vaccines.gov,7492,15,2020
domain,health-human-services,cdc.gov,7767826,15,2020
domain,health-human-services,vaccines.gov,8967,15,2020
domain,health-human-services,cdc.gov,9047690,15,2020
domain,health-human-services,vaccines.gov,9864,15,2020
domain,health-human-services,cdc.gov,9389000,15,2020
domain,health-human-services,vaccines.gov,10137,15,2020
domain,health-human-services,cdc.gov,10065081,15,2020
domain,health-human-services,vaccines.gov,10698,15,2020
domain,health-human-services,cdc.gov,11678580,15,2020
domain,health-human-services,vaccines.gov,10288,15,2020
domain,health-human-services,cdc.gov,9897389,14,2020
domain,health-human-services,vaccines.gov,9306,14,2020
domain,health-human-services,cdc.gov,10373471,14,2020
domain,health-human-services,vaccines.gov,8829,14,2020
domain,health-human-services,cdc.gov,10940557,14,2020
domain,health-human-services,vaccines.gov,9731,14,2020
domain,health-human-services,cdc.gov,11570415,14,2020
domain,health-human-services,vaccines.gov,10432,14,2020
domain,health-human-services,cdc.gov,12292183,14,2020
domain,health-human-services,vaccines.gov,11309,14,2020
domain,health-human-services,cdc.gov,12248683,14,2020
domain,health-human-services,vaccines.gov,10211,14,2020
domain,health-human-services,cdc.gov,13058822,14,2020
domain,health-human-services,vaccines.gov,9832,14,2020
domain,health-human-services,cdc.gov,11413403,13,2020
domain,health-human-services,vaccines.gov,7760,13,2020
domain,health-human-services,cdc.gov,10995370,13,2020
domain,health-human-services,vaccines.gov,7090,13,2020
domain,health-human-services,cdc.gov,12883680,13,2020
domain,health-human-services,vaccines.gov,8851,13,2020
domain,health-human-services,cdc.gov,14230061,13,2020
domain,health-human-services,vaccines.gov,9730,13,2020
domain,health-human-services,cdc.gov,15149841,13,2020
domain,health-human-services,vaccines.gov,9533,13,2020
domain,health-human-services,cdc.gov,16969450,13,2020
domain,health-human-services,vaccines.gov,9610,13,2020
domain,health-human-services,cdc.gov,17899919,13,2020
domain,health-human-services,vaccines.gov,9763,13,2020
domain,health-human-services,cdc.gov,15594598,12,2020
domain,health-human-services,vaccines.gov,7842,12,2020
domain,health-human-services,cdc.gov,15303301,12,2020
domain,health-human-services,vaccines.gov,6936,12,2020
domain,health-human-services,cdc.gov,19232127,12,2020
domain,health-human-services,vaccines.gov,8882,12,2020
domain,health-human-services,cdc.gov,20753210,12,2020
domain,health-human-services,vaccines.gov,10455,12,2020
domain,health-human-services,cdc.gov,21555300,12,2020
domain,health-human-services,vaccines.gov,10973,12,2020
domain,health-human-services,cdc.gov,23804247,12,2020
domain,health-human-services,vaccines.gov,10234,12,2020
domain,health-human-services,cdc.gov,26889767,12,2020
domain,health-human-services,vaccines.gov,9758,12,2020
domain,health-human-services,cdc.gov,20330630,11,2020
domain,health-human-services,vaccines.gov,7667,11,2020
domain,health-human-services,cdc.gov,18653463,11,2020
domain,health-human-services,vaccines.gov,7010,11,2020
domain,health-human-services,cdc.gov,26010909,11,2020
domain,health-human-services,vaccines.gov,9125,11,2020
domain,health-human-services,cdc.gov,26025319,11,2020
domain,health-human-services,vaccines.gov,10887,11,2020
domain,health-human-services,cdc.gov,18765841,11,2020
domain,health-human-services,vaccines.gov,11163,11,2020
domain,health-human-services,cdc.gov,13511191,11,2020
domain,health-human-services,vaccines.gov,10733,11,2020
domain,health-human-services,cdc.gov,11630211,11,2020
domain,health-human-services,vaccines.gov,10235,11,2020
domain,health-human-services,cdc.gov,6188951,10,2020
domain,health-human-services,vaccines.gov,6558,10,2020
domain,health-human-services,cdc.gov,6179917,10,2020
domain,health-human-services,vaccines.gov,5912,10,2020
domain,health-human-services,cdc.gov,8723606,10,2020
domain,health-human-services,vaccines.gov,8814,10,2020
domain,health-human-services,cdc.gov,10366825,10,2020
domain,health-human-services,vaccines.gov,10513,10,2020
domain,health-human-services,cdc.gov,9128817,10,2020
domain,health-human-services,vaccines.gov,11381,10,2020
domain,health-human-services,cdc.gov,8311919,10,2020
domain,health-human-services,vaccines.gov,11300,10,2020
domain,health-human-services,cdc.gov,8322225,10,2020
domain,health-human-services,vaccines.gov,11074,10,2020
domain,health-human-services,cdc.gov,4840669,9,2020
domain,health-human-services,vaccines.gov,7470,9,2020
domain,health-human-services,cdc.gov,5087229,9,2020
domain,health-human-services,vaccines.gov,6006,9,2020
domain,health-human-services,cdc.gov,6843695,9,2020
domain,health-human-services,vaccines.gov,8810,9,2020
domain,health-human-services,cdc.gov,7380147,9,2020
domain,health-human-services,vaccines.gov,10704,9,2020
domain,health-human-services,cdc.gov,7357537,9,2020
domain,health-human-services,vaccines.gov,11134,9,2020
domain,health-human-services,cdc.gov,5234177,9,2020
domain,health-human-services,vaccines.gov,10354,9,2020
domain,health-human-services,cdc.gov,3261065,9,2020
domain,health-human-services,vaccines.gov,9799,9,2020
domain,health-human-services,cdc.gov,2284582,8,2020
domain,health-human-services,vaccines.gov,6461,8,2020
domain,health-human-services,cdc.gov,1841802,8,2020
domain,health-human-services,vaccines.gov,5385,8,2020
domain,health-human-services,cdc.gov,1983006,8,2020
domain,health-human-services,vaccines.gov,7790,8,2020
domain,health-human-services,cdc.gov,2354153,8,2020
domain,health-human-services,vaccines.gov,9427,8,2020
domain,health-human-services,cdc.gov,2807134,8,2020
domain,health-human-services,vaccines.gov,9949,8,2020
domain,health-human-services,cdc.gov,2225028,8,2020
domain,health-human-services,vaccines.gov,9513,8,2020
domain,health-human-services,cdc.gov,2036821,8,2020
domain,health-human-services,vaccines.gov,8189,8,2020
domain,health-human-services,cdc.gov,1467810,7,2020
domain,health-human-services,vaccines.gov,5712,7,2020
domain,health-human-services,cdc.gov,1417168,7,2020
domain,health-human-services,vaccines.gov,4814,7,2020
domain,health-human-services,cdc.gov,1734755,7,2020
domain,health-human-services,vaccines.gov,6853,7,2020
domain,health-human-services,cdc.gov,2311829,7,2020
domain,health-human-services,vaccines.gov,9093,7,2020
domain,health-human-services,cdc.gov,2349572,7,2020
domain,health-human-services,vaccines.gov,10046,7,2020
domain,health-human-services,cdc.gov,2592692,7,2020
domain,health-human-services,vaccines.gov,9943,7,2020
domain,health-human-services,cdc.gov,2835928,7,2020
domain,health-human-services,vaccines.gov,9640,7,2020
domain,health-human-services,cdc.gov,2036771,6,2020
domain,health-human-services,vaccines.gov,6312,6,2020
domain,health-human-services,cdc.gov,2102980,6,2020
domain,health-human-services,vaccines.gov,5085,6,2020
domain,health-human-services,cdc.gov,2555375,6,2020
domain,health-human-services,vaccines.gov,7494,6,2020
domain,health-human-services,cdc.gov,2939886,6,2020
domain,health-human-services,vaccines.gov,9289,6,2020
domain,health-human-services,cdc.gov,2920817,6,2020
domain,health-human-services,vaccines.gov,9460,6,2020
domain,health-human-services,cdc.gov,3034904,6,2020
domain,health-human-services,vaccines.gov,9492,6,2020
domain,health-human-services,cdc.gov,3180214,6,2020
domain,health-human-services,vaccines.gov,9200,6,2020
domain,health-human-services,cdc.gov,2599965,5,2020
domain,health-human-services,vaccines.gov,5838,5,2020
domain,health-human-services,cdc.gov,2741693,5,2020
domain,health-human-services,vaccines.gov,4959,5,2020
domain,health-human-services,cdc.gov,3811223,5,2020
domain,health-human-services,vaccines.gov,7427,5,2020
domain,health-human-services,cdc.gov,4095611,5,2020
domain,health-human-services,vaccines.gov,9214,5,2020
domain,health-human-services,cdc.gov,3421193,5,2020
domain,health-human-services,vaccines.gov,9569,5,2020
domain,health-human-services,cdc.gov,3606080,5,2020
domain,health-human-services,vaccines.gov,9926,5,2020
domain,health-human-services,cdc.gov,3796612,5,2020
domain,health-human-services,vaccines.gov,9281,5,2020
domain,health-human-services,cdc.gov,2866932,4,2020
domain,health-human-services,vaccines.gov,5855,4,2020
domain,health-human-services,cdc.gov,2325247,4,2020
domain,health-human-services,vaccines.gov,4913,4,2020
domain,health-human-services,cdc.gov,2430144,4,2020
domain,health-human-services,vaccines.gov,7613,4,2020
domain,health-human-services,cdc.gov,2265657,4,2020
domain,health-human-services,vaccines.gov,9301,4,2020
domain,health-human-services,cdc.gov,2173142,4,2020
domain,health-human-services,vaccines.gov,9229,4,2020
domain,health-human-services,cdc.gov,2017419,4,2020
domain,health-human-services,vaccines.gov,9424,4,2020
domain,health-human-services,cdc.gov,1230062,4,2020
domain,health-human-services,vaccines.gov,7219,4,2020
domain,health-human-services,cdc.gov,814000,3,2020
domain,health-human-services,vaccines.gov,5510,3,2020
domain,health-human-services,cdc.gov,788174,3,2020
domain,health-human-services,vaccines.gov,4665,3,2020
domain,health-human-services,cdc.gov,1094116,3,2020
domain,health-human-services,vaccines.gov,6743,3,2020
domain,health-human-services,cdc.gov,1183951,3,2020
domain,health-human-services,vaccines.gov,8220,3,2020
domain,health-human-services,cdc.gov,1217940,3,2020
domain,health-human-services,vaccines.gov,8522,3,2020
domain,health-human-services,cdc.gov,1214506,3,2020
domain,health-human-services,vaccines.gov,8825,3,2020
domain,health-human-services,cdc.gov,1176380,3,2020
domain,health-human-services,vaccines.gov,8112,3,2020
domain,health-human-services,cdc.gov,804460,2,2020
domain,health-human-services,vaccines.gov,4959,2,2020
domain,health-human-services,cdc.gov,731056,2,2020
domain,health-human-services,vaccines.gov,4201,2,2020
domain,health-human-services,cdc.gov,1061879,2,2020
domain,health-human-services,vaccines.gov,6522,2,2020
domain,health-human-services,cdc.gov,1234472,2,2020
domain,health-human-services,vaccines.gov,7895,2,2020
domain,health-human-services,cdc.gov,1175609,2,2020
domain,health-human-services,vaccines.gov,7799,2,2020
domain,health-human-services,cdc.gov,1094366,2,2020
domain,health-human-services,vaccines.gov,7447,2,2020
domain,health-human-services,cdc.gov,1049237,2,2020
domain,health-human-services,vaccines.gov,6955,2,2020
domain,health-human-services,cdc.gov,712520,1,2020
domain,health-human-services,vaccines.gov,4289,1,2020
domain,health-human-services,cdc.gov,685759,1,2020
domain,health-human-services,vaccines.gov,3916,1,2020
domain,health-human-services,cdc.gov,907297,1,2020
domain,health-human-services,vaccines.gov,5339,1,2020
domain,health-human-services,cdc.gov,922295,1,2020
domain,health-human-services,vaccines.gov,5378,1,2020
domain,health-human-services,cdc.gov,583010,1,2020
domain,health-human-services,vaccines.gov,3066,1,2020
domain,health-human-services,cdc.gov,653342,1,2020
domain,health-human-services,vaccines.gov,3326,1,2020
domain,health-human-services,cdc.gov,853542,1,2020
domain,health-human-services,vaccines.gov,4734,1,2020
