domain,week,visits
acl.gov,1,23082
acl.gov,2,28175
acl.gov,3,29669
acl.gov,4,29394
acl.gov,5,28647
acl.gov,6,29420
acl.gov,7,28301
acl.gov,8,38938
acl.gov,9,36175
acl.gov,10,35804
acl.gov,11,35591
acl.gov,12,34045
acl.gov,13,33609
acl.gov,14,33457
acl.gov,15,37698
acl.gov,16,36803
acl.gov,17,39206
acl.gov,18,42808
acl.gov,19,38680
acl.gov,20,39530
acl.gov,21,40571
acl.gov,22,29607
acl.gov,23,33704
acl.gov,24,30155
acl.gov,25,38624
acl.gov,26,32840
acl.gov,27,30286
acl.gov,28,35680
acl.gov,29,31481
acl.gov,30,34178
acl.gov,31,30288
acl.gov,32,32879
acl.gov,33,31464
acl.gov,34,30785
acl.gov,35,30501
acl.gov,36,33579
acl.gov,37,36474
acl.gov,38,33127
acl.gov,39,36120
acl.gov,40,37299
acl.gov,41,32946
acl.gov,42,38520
acl.gov,43,39139
acl.gov,44,37083
acl.gov,45,35623
acl.gov,46,35230
acl.gov,47,26751
acl.gov,48,36535
acl.gov,49,36110
acl.gov,50,33210
acl.gov,51,21867
acl.gov,52,22615
agingstats.gov,3,101
agingstats.gov,23,130695
agingstats.gov,35,101
agingstats.gov,36,1627
agingstats.gov,45,117
ahrq.gov,1,109238
ahrq.gov,2,121401
ahrq.gov,3,126672
ahrq.gov,4,140035
ahrq.gov,5,147354
ahrq.gov,6,149623
ahrq.gov,7,147371
ahrq.gov,8,151982
ahrq.gov,9,150056
ahrq.gov,10,151577
ahrq.gov,11,158912
ahrq.gov,12,142316
ahrq.gov,13,135109
ahrq.gov,14,149559
ahrq.gov,15,169100
ahrq.gov,16,145665
ahrq.gov,17,138926
ahrq.gov,18,131633
ahrq.gov,19,137028
ahrq.gov,20,126286
ahrq.gov,21,136693
ahrq.gov,22,131559
ahrq.gov,23,139431
ahrq.gov,24,129804
ahrq.gov,25,127879
ahrq.gov,26,128279
ahrq.gov,27,125371
ahrq.gov,28,127492
ahrq.gov,29,120284
ahrq.gov,30,124093
ahrq.gov,31,123674
ahrq.gov,32,112077
ahrq.gov,33,109799
ahrq.gov,34,142130
ahrq.gov,35,125170
ahrq.gov,36,163483
ahrq.gov,37,158548
ahrq.gov,38,146180
ahrq.gov,39,141214
ahrq.gov,40,145874
ahrq.gov,41,146373
ahrq.gov,42,148972
ahrq.gov,43,154795
ahrq.gov,44,152363
ahrq.gov,45,145844
ahrq.gov,46,139819
ahrq.gov,47,113350
ahrq.gov,48,137517
ahrq.gov,49,120460
ahrq.gov,50,100734
ahrq.gov,51,73987
ahrq.gov,52,62845
alzheimers.gov,7,1046
alzheimers.gov,8,3296
alzheimers.gov,9,3209
alzheimers.gov,10,4450
alzheimers.gov,11,3747
alzheimers.gov,12,6832
alzheimers.gov,13,4946
alzheimers.gov,14,5875
alzheimers.gov,15,4976
alzheimers.gov,16,3761
alzheimers.gov,17,4283
alzheimers.gov,18,4728
alzheimers.gov,19,5082
alzheimers.gov,20,4102
alzheimers.gov,21,3680
alzheimers.gov,22,4487
alzheimers.gov,23,6711
alzheimers.gov,24,4821
alzheimers.gov,25,4503
alzheimers.gov,26,3478
alzheimers.gov,27,4818
alzheimers.gov,28,4001
alzheimers.gov,29,4079
alzheimers.gov,30,4389
alzheimers.gov,31,3503
alzheimers.gov,32,8034
alzheimers.gov,33,12831
alzheimers.gov,34,11991
alzheimers.gov,35,13182
alzheimers.gov,36,13894
alzheimers.gov,37,5996
alzheimers.gov,38,6725
alzheimers.gov,39,12756
alzheimers.gov,40,7444
alzheimers.gov,41,6671
alzheimers.gov,42,6408
alzheimers.gov,43,6887
alzheimers.gov,44,6988
alzheimers.gov,45,7782
alzheimers.gov,46,7431
alzheimers.gov,47,6220
alzheimers.gov,48,7169
alzheimers.gov,49,8182
alzheimers.gov,50,6848
alzheimers.gov,51,5626
alzheimers.gov,52,6107
cancer.gov,1,1070111
cancer.gov,2,1232168
cancer.gov,3,1283353
cancer.gov,4,1300639
cancer.gov,5,1372669
cancer.gov,6,1332230
cancer.gov,7,1303607
cancer.gov,8,1247850
cancer.gov,9,1228385
cancer.gov,10,1220050
cancer.gov,11,1280594
cancer.gov,12,1469832
cancer.gov,13,1140749
cancer.gov,14,1326464
cancer.gov,15,1460293
cancer.gov,16,1490635
cancer.gov,17,1441865
cancer.gov,18,1321346
cancer.gov,19,1288566
cancer.gov,20,1312040
cancer.gov,21,1329858
cancer.gov,22,1316376
cancer.gov,23,1337182
cancer.gov,24,1331189
cancer.gov,25,1332908
cancer.gov,26,1209648
cancer.gov,27,1251968
cancer.gov,28,1436013
cancer.gov,29,1444135
cancer.gov,30,1478590
cancer.gov,31,1550354
cancer.gov,32,1623670
cancer.gov,33,1677678
cancer.gov,34,1681357
cancer.gov,35,1667907
cancer.gov,36,1734082
cancer.gov,37,1802440
cancer.gov,38,1897871
cancer.gov,39,1939336
cancer.gov,40,1910401
cancer.gov,41,1892637
cancer.gov,42,1959496
cancer.gov,43,1918717
cancer.gov,44,1874872
cancer.gov,45,1987541
cancer.gov,46,1901690
cancer.gov,47,1790208
cancer.gov,48,1835648
cancer.gov,49,1623574
cancer.gov,50,1448681
cancer.gov,51,1029792
cancer.gov,52,1008135
cdc.gov,1,31707357
cdc.gov,2,34369005
cdc.gov,3,32414343
cdc.gov,4,32545715
cdc.gov,5,29214188
cdc.gov,6,29057950
cdc.gov,7,26285927
cdc.gov,8,28127450
cdc.gov,9,32021284
cdc.gov,10,35835751
cdc.gov,11,32727420
cdc.gov,12,31795578
cdc.gov,13,31430020
cdc.gov,14,32380140
cdc.gov,15,29359642
cdc.gov,16,27309080
cdc.gov,17,28089079
cdc.gov,18,24911655
cdc.gov,19,27621838
cdc.gov,20,24584166
cdc.gov,21,21985389
cdc.gov,22,20030904
cdc.gov,23,20840065
cdc.gov,24,20104944
cdc.gov,25,20476238
cdc.gov,26,19669726
cdc.gov,27,19553953
cdc.gov,28,21521121
cdc.gov,29,24483236
cdc.gov,30,29859981
cdc.gov,31,31550844
cdc.gov,32,31645354
cdc.gov,33,30809874
cdc.gov,34,31626298
cdc.gov,35,27973842
cdc.gov,36,27464430
cdc.gov,37,27468605
cdc.gov,38,26026066
cdc.gov,39,26077412
cdc.gov,40,24325741
cdc.gov,41,23005178
cdc.gov,42,26060802
cdc.gov,43,25573746
cdc.gov,44,25754624
cdc.gov,45,26109235
cdc.gov,46,25702221
cdc.gov,47,21682418
cdc.gov,48,27165545
cdc.gov,49,24728470
cdc.gov,50,28290504
cdc.gov,51,31558187
cdc.gov,52,42808685
childcare.gov,1,22455
childcare.gov,2,22561
childcare.gov,3,23094
childcare.gov,4,25793
childcare.gov,5,25816
childcare.gov,6,25066
childcare.gov,7,24900
childcare.gov,8,29258
childcare.gov,9,30298
childcare.gov,10,30738
childcare.gov,11,27741
childcare.gov,12,27256
childcare.gov,13,23267
childcare.gov,14,25070
childcare.gov,15,26953
childcare.gov,16,26763
childcare.gov,17,29611
childcare.gov,18,27017
childcare.gov,19,28552
childcare.gov,20,29013
childcare.gov,21,27878
childcare.gov,22,28061
childcare.gov,23,30192
childcare.gov,24,29114
childcare.gov,25,32047
childcare.gov,26,29833
childcare.gov,27,32288
childcare.gov,28,35258
childcare.gov,29,34874
childcare.gov,30,37144
childcare.gov,31,37374
childcare.gov,32,37891
childcare.gov,33,38676
childcare.gov,34,38773
childcare.gov,35,36900
childcare.gov,36,37607
childcare.gov,37,37467
childcare.gov,38,36192
childcare.gov,39,35707
childcare.gov,40,37046
childcare.gov,41,35535
childcare.gov,42,37520
childcare.gov,43,34326
childcare.gov,44,36703
childcare.gov,45,34854
childcare.gov,46,34594
childcare.gov,47,24440
childcare.gov,48,36016
childcare.gov,49,33319
childcare.gov,50,29643
childcare.gov,51,18943
childcare.gov,52,25095
childwelfare.gov,1,2787
childwelfare.gov,2,3298
childwelfare.gov,3,3211
childwelfare.gov,4,3832
childwelfare.gov,5,3931
childwelfare.gov,6,4040
childwelfare.gov,7,3750
childwelfare.gov,8,2153
childwelfare.gov,9,1234
childwelfare.gov,10,1665
childwelfare.gov,11,2033
childwelfare.gov,12,3643
childwelfare.gov,13,15910
childwelfare.gov,14,14524
childwelfare.gov,15,13990
childwelfare.gov,16,9837
childwelfare.gov,17,9020
childwelfare.gov,18,10718
childwelfare.gov,19,6348
childwelfare.gov,20,5064
childwelfare.gov,21,3412
childwelfare.gov,22,1879
childwelfare.gov,23,1868
childwelfare.gov,24,1565
childwelfare.gov,25,1483
childwelfare.gov,26,1423
childwelfare.gov,27,1476
childwelfare.gov,28,1542
childwelfare.gov,29,1515
childwelfare.gov,30,1520
childwelfare.gov,31,1562
childwelfare.gov,32,1427
childwelfare.gov,33,1547
childwelfare.gov,34,1501
childwelfare.gov,35,1231
childwelfare.gov,36,1664
childwelfare.gov,37,2210
childwelfare.gov,38,2081
childwelfare.gov,39,2016
childwelfare.gov,40,2386
childwelfare.gov,41,2651
childwelfare.gov,42,2741
childwelfare.gov,43,3152
childwelfare.gov,44,6556
childwelfare.gov,45,4811
childwelfare.gov,46,4255
childwelfare.gov,47,2470
childwelfare.gov,48,2728
childwelfare.gov,49,2425
childwelfare.gov,50,1479
childwelfare.gov,51,646
childwelfare.gov,52,725
clinicaltrials.gov,1,1520869
clinicaltrials.gov,2,1588714
clinicaltrials.gov,3,1643426
clinicaltrials.gov,4,1695408
clinicaltrials.gov,5,1731402
clinicaltrials.gov,6,1556769
clinicaltrials.gov,7,1531643
clinicaltrials.gov,8,1570766
clinicaltrials.gov,9,1590266
clinicaltrials.gov,10,1568377
clinicaltrials.gov,11,1578796
clinicaltrials.gov,12,1564232
clinicaltrials.gov,13,1435934
clinicaltrials.gov,14,1605759
clinicaltrials.gov,15,1714434
clinicaltrials.gov,16,1870799
clinicaltrials.gov,17,1915260
clinicaltrials.gov,18,1812318
clinicaltrials.gov,19,1690387
clinicaltrials.gov,20,1591333
clinicaltrials.gov,21,1501468
clinicaltrials.gov,22,1402712
clinicaltrials.gov,23,1442560
clinicaltrials.gov,24,1382557
clinicaltrials.gov,25,1363272
clinicaltrials.gov,26,1293794
clinicaltrials.gov,27,1368397
clinicaltrials.gov,28,1470517
clinicaltrials.gov,29,1488987
clinicaltrials.gov,30,1525773
clinicaltrials.gov,31,1567292
clinicaltrials.gov,32,1646231
clinicaltrials.gov,33,1640298
clinicaltrials.gov,34,1814435
clinicaltrials.gov,35,1641207
clinicaltrials.gov,36,1607161
clinicaltrials.gov,37,1654551
clinicaltrials.gov,38,1580154
clinicaltrials.gov,39,1587988
clinicaltrials.gov,40,1545378
clinicaltrials.gov,41,1536515
clinicaltrials.gov,42,1546457
clinicaltrials.gov,43,1561791
clinicaltrials.gov,44,1534643
clinicaltrials.gov,45,1572324
clinicaltrials.gov,46,1528379
clinicaltrials.gov,47,1337320
clinicaltrials.gov,48,1532012
clinicaltrials.gov,49,1515787
clinicaltrials.gov,50,1411248
clinicaltrials.gov,51,1195402
clinicaltrials.gov,52,1161244
cms.gov,1,1003964
cms.gov,2,1075557
cms.gov,3,957964
cms.gov,4,948908
cms.gov,5,912808
cms.gov,6,906250
cms.gov,7,840828
cms.gov,8,910100
cms.gov,9,893446
cms.gov,10,982998
cms.gov,11,957674
cms.gov,12,856841
cms.gov,13,802243
cms.gov,14,811779
cms.gov,15,804227
cms.gov,16,791204
cms.gov,17,831273
cms.gov,18,753104
cms.gov,19,757763
cms.gov,20,750213
cms.gov,21,740586
cms.gov,22,630649
cms.gov,23,743079
cms.gov,24,729357
cms.gov,25,751983
cms.gov,26,797606
cms.gov,27,675757
cms.gov,28,807414
cms.gov,29,796026
cms.gov,30,789378
cms.gov,31,792726
cms.gov,32,828862
cms.gov,33,839263
cms.gov,34,817280
cms.gov,35,786323
cms.gov,36,776291
cms.gov,37,903287
cms.gov,38,912118
cms.gov,39,925509
cms.gov,40,937737
cms.gov,41,922010
cms.gov,42,907836
cms.gov,43,923788
cms.gov,44,1133900
cms.gov,45,1102709
cms.gov,46,1165086
cms.gov,47,670385
cms.gov,48,1062852
cms.gov,49,1012513
cms.gov,50,922613
cms.gov,51,642125
cms.gov,52,756297
collegedrinkingprevention.gov,1,2763
collegedrinkingprevention.gov,2,3015
collegedrinkingprevention.gov,3,2730
collegedrinkingprevention.gov,4,3034
collegedrinkingprevention.gov,5,2751
collegedrinkingprevention.gov,6,3055
collegedrinkingprevention.gov,7,3169
collegedrinkingprevention.gov,8,3308
collegedrinkingprevention.gov,9,4042
collegedrinkingprevention.gov,10,3867
collegedrinkingprevention.gov,11,3118
collegedrinkingprevention.gov,12,3825
collegedrinkingprevention.gov,13,2736
collegedrinkingprevention.gov,14,2972
collegedrinkingprevention.gov,15,6678
collegedrinkingprevention.gov,16,4005
collegedrinkingprevention.gov,17,4700
collegedrinkingprevention.gov,18,3926
collegedrinkingprevention.gov,19,3652
collegedrinkingprevention.gov,20,3256
collegedrinkingprevention.gov,21,2411
collegedrinkingprevention.gov,22,1930
collegedrinkingprevention.gov,23,2141
collegedrinkingprevention.gov,24,2297
collegedrinkingprevention.gov,25,2179
collegedrinkingprevention.gov,26,2066
collegedrinkingprevention.gov,27,7242
collegedrinkingprevention.gov,28,1642
collegedrinkingprevention.gov,29,1511
collegedrinkingprevention.gov,30,1520
collegedrinkingprevention.gov,31,1702
collegedrinkingprevention.gov,32,4302
collegedrinkingprevention.gov,33,1694
collegedrinkingprevention.gov,34,2330
collegedrinkingprevention.gov,35,2014
collegedrinkingprevention.gov,36,2515
collegedrinkingprevention.gov,37,2666
collegedrinkingprevention.gov,38,3002
collegedrinkingprevention.gov,39,2835
collegedrinkingprevention.gov,40,2980
collegedrinkingprevention.gov,41,3897
collegedrinkingprevention.gov,42,3689
collegedrinkingprevention.gov,43,3858
collegedrinkingprevention.gov,44,4277
collegedrinkingprevention.gov,45,3389
collegedrinkingprevention.gov,46,4483
collegedrinkingprevention.gov,47,2617
collegedrinkingprevention.gov,48,5095
collegedrinkingprevention.gov,49,4415
collegedrinkingprevention.gov,50,3050
collegedrinkingprevention.gov,51,1336
collegedrinkingprevention.gov,52,1498
coronavirus.gov,3,99923
coronavirus.gov,4,143950
coronavirus.gov,5,109115
coronavirus.gov,6,98335
coronavirus.gov,7,91977
coronavirus.gov,8,97804
coronavirus.gov,9,83134
coronavirus.gov,10,88528
coronavirus.gov,11,90042
coronavirus.gov,12,84651
coronavirus.gov,13,116449
coronavirus.gov,14,114631
coronavirus.gov,15,102077
coronavirus.gov,16,104839
coronavirus.gov,17,105381
coronavirus.gov,18,106165
coronavirus.gov,19,107112
coronavirus.gov,20,108827
coronavirus.gov,21,126196
coronavirus.gov,22,146875
coronavirus.gov,23,152726
coronavirus.gov,24,154491
coronavirus.gov,25,160096
coronavirus.gov,26,156329
coronavirus.gov,27,169879
coronavirus.gov,28,164070
coronavirus.gov,29,164737
coronavirus.gov,30,165287
coronavirus.gov,31,168677
coronavirus.gov,32,172547
coronavirus.gov,33,172175
coronavirus.gov,34,173219
coronavirus.gov,35,167431
coronavirus.gov,36,171837
coronavirus.gov,37,168279
coronavirus.gov,38,163943
coronavirus.gov,39,164334
coronavirus.gov,40,77815
coronavirus.gov,41,439
cuidadodesalud.gov,1,47269
cuidadodesalud.gov,2,47184
cuidadodesalud.gov,3,52102
cuidadodesalud.gov,4,55891
cuidadodesalud.gov,5,56243
cuidadodesalud.gov,6,58414
cuidadodesalud.gov,7,80295
cuidadodesalud.gov,8,82518
cuidadodesalud.gov,9,77205
cuidadodesalud.gov,10,82267
cuidadodesalud.gov,11,75272
cuidadodesalud.gov,12,66553
cuidadodesalud.gov,13,70520
cuidadodesalud.gov,14,97415
cuidadodesalud.gov,15,88190
cuidadodesalud.gov,16,82574
cuidadodesalud.gov,17,88353
cuidadodesalud.gov,18,68591
cuidadodesalud.gov,19,73099
cuidadodesalud.gov,20,70672
cuidadodesalud.gov,21,66610
cuidadodesalud.gov,22,57538
cuidadodesalud.gov,23,56558
cuidadodesalud.gov,24,55794
cuidadodesalud.gov,25,69768
cuidadodesalud.gov,26,71673
cuidadodesalud.gov,27,55713
cuidadodesalud.gov,28,61546
cuidadodesalud.gov,29,63572
cuidadodesalud.gov,30,77374
cuidadodesalud.gov,31,94109
cuidadodesalud.gov,32,121960
cuidadodesalud.gov,33,42450
cuidadodesalud.gov,34,43168
cuidadodesalud.gov,35,40227
cuidadodesalud.gov,36,38287
cuidadodesalud.gov,37,40871
cuidadodesalud.gov,38,40488
cuidadodesalud.gov,39,42665
cuidadodesalud.gov,40,41941
cuidadodesalud.gov,41,49319
cuidadodesalud.gov,42,55025
cuidadodesalud.gov,43,100894
cuidadodesalud.gov,44,158054
cuidadodesalud.gov,45,155876
cuidadodesalud.gov,46,142960
cuidadodesalud.gov,47,110558
cuidadodesalud.gov,48,157264
cuidadodesalud.gov,49,168784
cuidadodesalud.gov,50,188145
cuidadodesalud.gov,51,79157
cuidadodesalud.gov,52,91285
donaciondeorganos.gov,47,4585
donaciondeorganos.gov,48,5490
donaciondeorganos.gov,49,10218
donaciondeorganos.gov,50,9288
donaciondeorganos.gov,51,8856
donaciondeorganos.gov,52,8251
drugabuse.gov,1,694480
drugabuse.gov,2,774276
drugabuse.gov,3,784542
drugabuse.gov,4,816009
drugabuse.gov,5,833287
drugabuse.gov,6,801877
drugabuse.gov,7,793050
drugabuse.gov,8,856544
drugabuse.gov,9,875416
drugabuse.gov,10,852233
drugabuse.gov,11,828953
drugabuse.gov,12,848378
drugabuse.gov,13,746225
drugabuse.gov,14,822097
drugabuse.gov,15,865592
drugabuse.gov,16,907119
drugabuse.gov,17,881460
drugabuse.gov,18,822274
drugabuse.gov,19,815564
drugabuse.gov,20,808179
drugabuse.gov,21,786585
drugabuse.gov,22,736948
drugabuse.gov,23,746833
drugabuse.gov,24,692057
drugabuse.gov,25,689073
drugabuse.gov,26,648973
drugabuse.gov,27,669887
drugabuse.gov,28,707316
drugabuse.gov,29,691355
drugabuse.gov,30,678439
drugabuse.gov,31,700580
drugabuse.gov,32,691463
drugabuse.gov,33,673683
drugabuse.gov,34,694723
drugabuse.gov,35,718178
drugabuse.gov,36,802626
drugabuse.gov,37,812947
drugabuse.gov,38,837323
drugabuse.gov,39,882678
drugabuse.gov,40,887905
drugabuse.gov,41,901565
drugabuse.gov,42,964841
drugabuse.gov,43,953540
drugabuse.gov,44,925365
drugabuse.gov,45,886099
drugabuse.gov,46,896206
drugabuse.gov,47,746269
drugabuse.gov,48,863958
drugabuse.gov,49,815571
drugabuse.gov,50,688223
drugabuse.gov,51,485674
drugabuse.gov,52,523886
eldercare.gov,1,1046
eldercare.gov,2,977
eldercare.gov,3,1033
eldercare.gov,4,1202
eldercare.gov,5,1120
eldercare.gov,6,1048
eldercare.gov,7,1135
eldercare.gov,8,1232
eldercare.gov,9,1172
eldercare.gov,10,1231
eldercare.gov,11,1068
eldercare.gov,12,1130
eldercare.gov,13,904
eldercare.gov,14,1199
eldercare.gov,15,1070
eldercare.gov,16,1074
eldercare.gov,17,1053
eldercare.gov,18,1016
eldercare.gov,19,948
eldercare.gov,20,1023
eldercare.gov,21,1082
eldercare.gov,22,973
eldercare.gov,23,1082
eldercare.gov,24,1209
eldercare.gov,25,1087
eldercare.gov,26,870
eldercare.gov,27,1109
eldercare.gov,28,1136
eldercare.gov,29,986
eldercare.gov,30,1092
eldercare.gov,31,1178
eldercare.gov,32,1136
eldercare.gov,33,1044
eldercare.gov,34,1080
eldercare.gov,35,910
eldercare.gov,36,956
eldercare.gov,37,1058
eldercare.gov,38,1153
eldercare.gov,39,1147
eldercare.gov,40,1106
eldercare.gov,41,1063
eldercare.gov,42,988
eldercare.gov,43,1129
eldercare.gov,44,930
eldercare.gov,45,1183
eldercare.gov,46,846
eldercare.gov,47,553
eldercare.gov,48,1088
eldercare.gov,49,981
eldercare.gov,50,830
eldercare.gov,51,544
eldercare.gov,52,698
fatherhood.gov,1,116959
fatherhood.gov,2,113989
fatherhood.gov,3,132867
fatherhood.gov,4,103787
fatherhood.gov,5,87747
fatherhood.gov,6,89545
fatherhood.gov,7,52511
fatherhood.gov,8,39277
fatherhood.gov,9,10229
fatherhood.gov,10,9517
fatherhood.gov,11,8842
fatherhood.gov,12,10028
fatherhood.gov,13,11990
fatherhood.gov,14,13807
fatherhood.gov,15,20513
fatherhood.gov,16,25683
fatherhood.gov,17,21244
fatherhood.gov,18,11736
fatherhood.gov,19,10897
fatherhood.gov,20,31918
fatherhood.gov,21,34605
fatherhood.gov,22,41546
fatherhood.gov,23,45408
fatherhood.gov,24,45021
fatherhood.gov,25,43698
fatherhood.gov,26,37735
fatherhood.gov,27,43657
fatherhood.gov,28,59146
fatherhood.gov,29,16579
fatherhood.gov,30,7492
fatherhood.gov,31,8349
fatherhood.gov,32,7138
fatherhood.gov,33,9610
fatherhood.gov,34,10800
fatherhood.gov,35,8526
fatherhood.gov,36,9061
fatherhood.gov,37,8755
fatherhood.gov,38,8197
fatherhood.gov,39,7372
fatherhood.gov,40,6455
fatherhood.gov,41,7934
fatherhood.gov,42,8183
fatherhood.gov,43,6350
fatherhood.gov,44,8298
fatherhood.gov,45,6124
fatherhood.gov,46,6803
fatherhood.gov,47,7930
fatherhood.gov,48,6769
fatherhood.gov,49,7735
fatherhood.gov,50,8842
fatherhood.gov,51,6068
fatherhood.gov,52,6877
fda.gov,1,4212240
fda.gov,2,4489872
fda.gov,3,4317275
fda.gov,4,4655043
fda.gov,5,3972102
fda.gov,6,3640287
fda.gov,7,3342325
fda.gov,8,3556262
fda.gov,9,3862315
fda.gov,10,3502645
fda.gov,11,3582594
fda.gov,12,3644932
fda.gov,13,4437821
fda.gov,14,3643587
fda.gov,15,4044348
fda.gov,16,3784138
fda.gov,17,3699719
fda.gov,18,3226267
fda.gov,19,3371774
fda.gov,20,3588382
fda.gov,21,3819509
fda.gov,22,2964264
fda.gov,23,3386569
fda.gov,24,3056098
fda.gov,25,3468547
fda.gov,26,3492405
fda.gov,27,3063117
fda.gov,28,3636967
fda.gov,29,3993871
fda.gov,30,4580034
fda.gov,31,4428183
fda.gov,32,4956851
fda.gov,33,5700639
fda.gov,34,8744249
fda.gov,35,4959924
fda.gov,36,4367709
fda.gov,37,4448542
fda.gov,38,4301187
fda.gov,39,4131579
fda.gov,40,4249258
fda.gov,41,3938334
fda.gov,42,4485622
fda.gov,43,4131405
fda.gov,44,3952402
fda.gov,45,3642132
fda.gov,46,3639293
fda.gov,47,3524911
fda.gov,48,3813045
fda.gov,49,3545475
fda.gov,50,3629036
fda.gov,51,5111277
fda.gov,52,4146339
findtreatment.gov,1,14142
findtreatment.gov,2,14324
findtreatment.gov,3,14309
findtreatment.gov,4,14873
findtreatment.gov,5,14688
findtreatment.gov,6,14957
findtreatment.gov,7,14517
findtreatment.gov,8,15895
findtreatment.gov,9,15602
findtreatment.gov,10,15099
findtreatment.gov,11,15152
findtreatment.gov,12,16126
findtreatment.gov,13,12141
findtreatment.gov,14,13746
findtreatment.gov,15,16839
findtreatment.gov,16,17234
findtreatment.gov,17,17344
findtreatment.gov,18,16625
findtreatment.gov,19,17233
findtreatment.gov,20,17358
findtreatment.gov,21,17240
findtreatment.gov,22,16505
findtreatment.gov,23,17659
findtreatment.gov,24,18737
findtreatment.gov,25,20319
findtreatment.gov,26,18176
findtreatment.gov,27,24951
findtreatment.gov,28,23669
findtreatment.gov,29,19711
findtreatment.gov,30,22209
findtreatment.gov,31,17190
findtreatment.gov,32,17205
findtreatment.gov,33,16937
findtreatment.gov,34,17053
findtreatment.gov,35,16515
findtreatment.gov,36,16522
findtreatment.gov,37,18473
findtreatment.gov,38,18570
findtreatment.gov,39,18472
findtreatment.gov,40,18583
findtreatment.gov,41,17791
findtreatment.gov,42,19332
findtreatment.gov,43,17736
findtreatment.gov,44,19706
findtreatment.gov,45,19540
findtreatment.gov,46,19701
findtreatment.gov,47,15719
findtreatment.gov,48,18682
findtreatment.gov,49,19773
findtreatment.gov,50,16920
findtreatment.gov,51,15128
findtreatment.gov,52,16782
foodsafety.gov,1,80091
foodsafety.gov,2,91967
foodsafety.gov,3,84551
foodsafety.gov,4,84574
foodsafety.gov,5,84539
foodsafety.gov,6,80587
foodsafety.gov,7,138052
foodsafety.gov,8,76580
foodsafety.gov,9,69951
foodsafety.gov,10,69729
foodsafety.gov,11,81320
foodsafety.gov,12,74711
foodsafety.gov,13,72677
foodsafety.gov,14,67569
foodsafety.gov,15,68002
foodsafety.gov,16,68976
foodsafety.gov,17,65950
foodsafety.gov,18,68255
foodsafety.gov,19,62784
foodsafety.gov,20,58183
foodsafety.gov,21,57324
foodsafety.gov,22,60612
foodsafety.gov,23,64671
foodsafety.gov,24,66485
foodsafety.gov,25,62954
foodsafety.gov,26,65154
foodsafety.gov,27,78760
foodsafety.gov,28,64521
foodsafety.gov,29,90547
foodsafety.gov,30,68099
foodsafety.gov,31,62087
foodsafety.gov,32,94323
foodsafety.gov,33,82765
foodsafety.gov,34,86337
foodsafety.gov,35,88184
foodsafety.gov,36,84954
foodsafety.gov,37,90583
foodsafety.gov,38,83571
foodsafety.gov,39,74818
foodsafety.gov,40,72731
foodsafety.gov,41,72190
foodsafety.gov,42,78426
foodsafety.gov,43,83254
foodsafety.gov,44,71305
foodsafety.gov,45,72715
foodsafety.gov,46,81342
foodsafety.gov,47,87826
foodsafety.gov,48,70965
foodsafety.gov,49,72124
foodsafety.gov,50,78626
foodsafety.gov,51,79907
foodsafety.gov,52,62670
genome.gov,1,380917
genome.gov,2,484576
genome.gov,3,523485
genome.gov,4,556697
genome.gov,5,593401
genome.gov,6,621462
genome.gov,7,646064
genome.gov,8,743261
genome.gov,9,744603
genome.gov,10,735458
genome.gov,11,711069
genome.gov,12,683814
genome.gov,13,441487
genome.gov,14,580014
genome.gov,15,685216
genome.gov,16,699907
genome.gov,17,666048
genome.gov,18,613764
genome.gov,19,597774
genome.gov,20,599132
genome.gov,21,568193
genome.gov,22,536628
genome.gov,23,523688
genome.gov,24,479546
genome.gov,25,423071
genome.gov,26,362195
genome.gov,27,333853
genome.gov,28,331914
genome.gov,29,320552
genome.gov,30,325414
genome.gov,31,346411
genome.gov,32,376294
genome.gov,33,402990
genome.gov,34,458316
genome.gov,35,471726
genome.gov,36,510970
genome.gov,37,522481
genome.gov,38,554395
genome.gov,39,569504
genome.gov,40,577844
genome.gov,41,554404
genome.gov,42,594015
genome.gov,43,589888
genome.gov,44,557107
genome.gov,45,611926
genome.gov,46,613013
genome.gov,47,587805
genome.gov,48,644471
genome.gov,49,580647
genome.gov,50,453394
genome.gov,51,230966
genome.gov,52,213294
girlshealth.gov,1,6485
girlshealth.gov,2,6748
girlshealth.gov,3,6921
girlshealth.gov,4,7225
girlshealth.gov,5,7192
girlshealth.gov,6,7249
girlshealth.gov,7,7013
girlshealth.gov,8,7976
girlshealth.gov,9,7931
girlshealth.gov,10,8135
girlshealth.gov,11,6114
girlshealth.gov,12,6320
girlshealth.gov,13,5501
girlshealth.gov,14,6711
girlshealth.gov,15,6168
girlshealth.gov,16,5923
girlshealth.gov,17,6201
girlshealth.gov,18,6193
girlshealth.gov,19,5717
girlshealth.gov,20,5320
girlshealth.gov,21,4542
girlshealth.gov,22,4581
girlshealth.gov,23,4238
girlshealth.gov,24,4325
girlshealth.gov,25,4516
girlshealth.gov,26,3962
girlshealth.gov,27,3310
girlshealth.gov,28,3404
girlshealth.gov,29,3596
girlshealth.gov,30,3481
girlshealth.gov,31,6623
girlshealth.gov,32,3031
girlshealth.gov,33,3519
girlshealth.gov,34,3441
girlshealth.gov,35,3395
girlshealth.gov,36,3732
girlshealth.gov,37,4200
girlshealth.gov,38,4822
girlshealth.gov,39,4348
girlshealth.gov,40,4150
girlshealth.gov,41,4184
girlshealth.gov,42,5343
girlshealth.gov,43,3924
girlshealth.gov,44,4389
girlshealth.gov,45,4000
girlshealth.gov,46,3820
girlshealth.gov,47,3169
girlshealth.gov,48,4287
girlshealth.gov,49,4218
girlshealth.gov,50,4415
girlshealth.gov,51,2859
girlshealth.gov,52,2699
grants.gov,1,193419
grants.gov,2,152462
grants.gov,3,126786
grants.gov,4,126052
grants.gov,5,124943
grants.gov,6,120912
grants.gov,7,106964
grants.gov,8,124393
grants.gov,9,116267
grants.gov,10,116841
grants.gov,11,170563
grants.gov,12,137073
grants.gov,13,119438
grants.gov,14,117720
grants.gov,15,111451
grants.gov,16,112990
grants.gov,17,120472
grants.gov,18,120561
grants.gov,19,116653
grants.gov,20,127606
grants.gov,21,127247
grants.gov,22,119664
grants.gov,23,127728
grants.gov,24,118384
grants.gov,25,132007
grants.gov,26,124588
grants.gov,27,126645
grants.gov,28,131751
grants.gov,29,132052
grants.gov,30,119241
grants.gov,31,114018
grants.gov,32,123333
grants.gov,33,108528
grants.gov,34,115118
grants.gov,35,111847
grants.gov,36,106161
grants.gov,37,97074
grants.gov,38,115934
grants.gov,39,107886
grants.gov,40,101539
grants.gov,41,95916
grants.gov,42,98787
grants.gov,43,97157
grants.gov,44,100916
grants.gov,45,95325
grants.gov,46,103543
grants.gov,47,69706
grants.gov,48,97851
grants.gov,49,129949
grants.gov,50,91154
grants.gov,51,80570
grants.gov,52,96466
health.gov,1,203924
health.gov,2,206537
health.gov,3,193894
health.gov,4,200163
health.gov,5,178825
health.gov,6,164263
health.gov,7,161018
health.gov,8,165619
health.gov,9,164422
health.gov,10,165282
health.gov,11,154286
health.gov,12,149242
health.gov,13,113811
health.gov,14,143147
health.gov,15,140259
health.gov,16,137705
health.gov,17,140154
health.gov,18,137254
health.gov,19,143132
health.gov,20,139453
health.gov,21,132332
health.gov,22,119651
health.gov,23,127531
health.gov,24,118196
health.gov,25,121539
health.gov,26,104606
health.gov,27,91062
health.gov,28,102467
health.gov,29,92612
health.gov,30,102252
health.gov,31,126315
health.gov,32,125352
health.gov,33,130160
health.gov,34,208712
health.gov,35,188600
health.gov,36,197277
health.gov,37,195333
health.gov,38,192082
health.gov,39,194537
health.gov,40,184227
health.gov,41,182576
health.gov,42,197467
health.gov,43,199544
health.gov,44,204415
health.gov,45,204315
health.gov,46,189710
health.gov,47,137390
health.gov,48,187888
health.gov,49,163905
health.gov,50,125845
health.gov,51,72421
health.gov,52,77316
healthcare.gov,1,1648726
healthcare.gov,2,1070628
healthcare.gov,3,1007529
healthcare.gov,4,1195102
healthcare.gov,5,1072170
healthcare.gov,6,1052240
healthcare.gov,7,1532735
healthcare.gov,8,1363354
healthcare.gov,9,1346355
healthcare.gov,10,1282744
healthcare.gov,11,1231927
healthcare.gov,12,1271772
healthcare.gov,13,1280395
healthcare.gov,14,1431323
healthcare.gov,15,1261031
healthcare.gov,16,1221347
healthcare.gov,17,1450720
healthcare.gov,18,1178646
healthcare.gov,19,1447522
healthcare.gov,20,1054270
healthcare.gov,21,1007019
healthcare.gov,22,879020
healthcare.gov,23,884223
healthcare.gov,24,933352
healthcare.gov,25,947367
healthcare.gov,26,1088256
healthcare.gov,27,923690
healthcare.gov,28,1012858
healthcare.gov,29,1013781
healthcare.gov,30,1273612
healthcare.gov,31,1435028
healthcare.gov,32,1873980
healthcare.gov,33,898287
healthcare.gov,34,816651
healthcare.gov,35,805413
healthcare.gov,36,728989
healthcare.gov,37,784145
healthcare.gov,38,760983
healthcare.gov,39,831899
healthcare.gov,40,801607
healthcare.gov,41,904344
healthcare.gov,42,1052038
healthcare.gov,43,1422285
healthcare.gov,44,2653729
healthcare.gov,45,2731217
healthcare.gov,46,2356558
healthcare.gov,47,1666066
healthcare.gov,48,2519767
healthcare.gov,49,2953669
healthcare.gov,50,3933733
healthcare.gov,51,1370831
healthcare.gov,52,1876079
healthdata.gov,1,27254
healthdata.gov,2,35657
healthdata.gov,3,24036
healthdata.gov,4,27275
healthdata.gov,5,21436
healthdata.gov,6,19900
healthdata.gov,7,19988
healthdata.gov,8,20370
healthdata.gov,9,20306
healthdata.gov,10,16731
healthit.gov,1,39150
healthit.gov,2,47952
healthit.gov,3,55264
healthit.gov,4,57082
healthit.gov,5,58829
healthit.gov,6,63909
healthit.gov,7,62206
healthit.gov,8,62346
healthit.gov,9,62062
healthit.gov,10,61233
healthit.gov,11,61620
healthit.gov,12,101620
healthit.gov,13,100349
healthit.gov,14,101638
healthit.gov,15,102387
healthit.gov,16,80730
healthit.gov,17,90236
healthit.gov,18,69790
healthit.gov,19,89535
healthit.gov,20,88086
healthit.gov,21,81892
healthit.gov,22,74257
healthit.gov,23,85361
healthit.gov,24,84713
healthit.gov,25,92394
healthit.gov,26,76920
healthit.gov,27,80626
healthit.gov,28,89543
healthit.gov,29,81602
healthit.gov,30,85526
healthit.gov,31,81215
healthit.gov,32,79381
healthit.gov,33,78870
healthit.gov,34,79555
healthit.gov,35,78643
healthit.gov,36,82128
healthit.gov,37,94862
healthit.gov,38,94887
healthit.gov,39,92319
healthit.gov,40,93709
healthit.gov,41,90963
healthit.gov,42,96835
healthit.gov,43,87574
healthit.gov,44,79176
healthit.gov,45,90466
healthit.gov,46,86722
healthit.gov,47,76165
healthit.gov,48,78900
healthit.gov,49,79471
healthit.gov,50,79990
healthit.gov,51,55545
healthit.gov,52,67035
healthypeople.gov,1,62948
healthypeople.gov,2,90312
healthypeople.gov,3,106337
healthypeople.gov,4,119021
healthypeople.gov,5,119633
healthypeople.gov,6,111911
healthypeople.gov,7,106191
healthypeople.gov,8,111652
healthypeople.gov,9,109088
healthypeople.gov,10,107161
healthypeople.gov,11,101797
healthypeople.gov,12,96580
healthypeople.gov,13,75082
healthypeople.gov,14,93617
healthypeople.gov,15,93014
healthypeople.gov,16,91413
healthypeople.gov,17,75266
healthypeople.gov,18,65477
healthypeople.gov,19,59996
healthypeople.gov,20,56255
healthypeople.gov,21,52836
healthypeople.gov,22,53151
healthypeople.gov,23,53669
healthypeople.gov,24,51894
healthypeople.gov,25,46825
healthypeople.gov,26,43056
healthypeople.gov,27,48555
healthypeople.gov,28,53113
healthypeople.gov,29,47642
healthypeople.gov,30,44162
healthypeople.gov,31,43088
healthypeople.gov,32,38678
healthypeople.gov,33,44836
healthypeople.gov,34,59996
healthypeople.gov,35,70081
healthypeople.gov,36,75157
healthypeople.gov,37,78146
healthypeople.gov,38,77664
healthypeople.gov,39,76418
healthypeople.gov,40,70936
healthypeople.gov,41,67888
healthypeople.gov,42,71544
healthypeople.gov,43,69837
healthypeople.gov,44,73784
healthypeople.gov,45,72862
healthypeople.gov,46,66879
healthypeople.gov,47,54923
healthypeople.gov,48,80002
healthypeople.gov,49,71019
healthypeople.gov,50,48560
healthypeople.gov,51,22113
healthypeople.gov,52,19810
hhs.gov,1,1048580
hhs.gov,2,1051698
hhs.gov,3,1009153
hhs.gov,4,855547
hhs.gov,5,762118
hhs.gov,6,715606
hhs.gov,7,657221
hhs.gov,8,582090
hhs.gov,9,593603
hhs.gov,10,657122
hhs.gov,11,659883
hhs.gov,12,645100
hhs.gov,13,601185
hhs.gov,14,618837
hhs.gov,15,607389
hhs.gov,16,594004
hhs.gov,17,643560
hhs.gov,18,666674
hhs.gov,19,729826
hhs.gov,20,700282
hhs.gov,21,596666
hhs.gov,22,506556
hhs.gov,23,551156
hhs.gov,24,564184
hhs.gov,25,571936
hhs.gov,26,607243
hhs.gov,27,529073
hhs.gov,28,579390
hhs.gov,29,618036
hhs.gov,30,717639
hhs.gov,31,769080
hhs.gov,32,855313
hhs.gov,33,974911
hhs.gov,34,1006449
hhs.gov,35,840950
hhs.gov,36,855347
hhs.gov,37,935061
hhs.gov,38,722696
hhs.gov,39,710586
hhs.gov,40,774601
hhs.gov,41,775709
hhs.gov,42,839255
hhs.gov,43,826441
hhs.gov,44,823938
hhs.gov,45,825417
hhs.gov,46,831393
hhs.gov,47,659918
hhs.gov,48,898464
hhs.gov,49,904746
hhs.gov,50,1026022
hhs.gov,51,1457206
hhs.gov,52,2231732
hiv.gov,1,124998
hiv.gov,2,128519
hiv.gov,3,150642
hiv.gov,4,170305
hiv.gov,5,170588
hiv.gov,6,150712
hiv.gov,7,152038
hiv.gov,8,157819
hiv.gov,9,150282
hiv.gov,10,146858
hiv.gov,11,139055
hiv.gov,12,138655
hiv.gov,13,119524
hiv.gov,14,127435
hiv.gov,15,132657
hiv.gov,16,133208
hiv.gov,17,129622
hiv.gov,18,130492
hiv.gov,19,128789
hiv.gov,20,141137
hiv.gov,21,130637
hiv.gov,22,139595
hiv.gov,23,137676
hiv.gov,24,130779
hiv.gov,25,138142
hiv.gov,26,121678
hiv.gov,27,118781
hiv.gov,28,121954
hiv.gov,29,120316
hiv.gov,30,136047
hiv.gov,31,133368
hiv.gov,32,128075
hiv.gov,33,128161
hiv.gov,34,131072
hiv.gov,35,130281
hiv.gov,36,135625
hiv.gov,37,153499
hiv.gov,38,136862
hiv.gov,39,135982
hiv.gov,40,140807
hiv.gov,41,137706
hiv.gov,42,141534
hiv.gov,43,137470
hiv.gov,44,139910
hiv.gov,45,146423
hiv.gov,46,149580
hiv.gov,47,153156
hiv.gov,48,242994
hiv.gov,49,152033
hiv.gov,50,120307
hiv.gov,51,93749
hiv.gov,52,97315
hrsa.gov,1,77171
hrsa.gov,2,90630
hrsa.gov,3,90240
hrsa.gov,4,101576
hrsa.gov,5,99900
hrsa.gov,6,104302
hrsa.gov,7,99709
hrsa.gov,8,105478
hrsa.gov,9,148055
hrsa.gov,10,200015
hrsa.gov,11,141852
hrsa.gov,12,105164
hrsa.gov,13,100379
hrsa.gov,14,129760
hrsa.gov,15,144948
hrsa.gov,16,125452
hrsa.gov,17,125445
hrsa.gov,18,113167
hrsa.gov,19,96008
hrsa.gov,20,102935
hrsa.gov,21,101823
hrsa.gov,22,90736
hrsa.gov,23,98092
hrsa.gov,24,82770
hrsa.gov,25,120028
hrsa.gov,26,91975
hrsa.gov,27,90659
hrsa.gov,28,183301
hrsa.gov,29,92235
hrsa.gov,30,94201
hrsa.gov,31,107272
hrsa.gov,32,94488
hrsa.gov,33,103099
hrsa.gov,34,143624
hrsa.gov,35,135037
hrsa.gov,36,170168
hrsa.gov,37,197641
hrsa.gov,38,218155
hrsa.gov,39,447030
hrsa.gov,40,289302
hrsa.gov,41,218761
hrsa.gov,42,323521
hrsa.gov,43,282798
hrsa.gov,44,183537
hrsa.gov,45,142271
hrsa.gov,46,139767
hrsa.gov,47,121243
hrsa.gov,48,151761
hrsa.gov,49,131864
hrsa.gov,50,166359
hrsa.gov,51,117652
hrsa.gov,52,129054
ihs.gov,1,120859
ihs.gov,2,126220
ihs.gov,3,115454
ihs.gov,4,132226
ihs.gov,5,138263
ihs.gov,6,124411
ihs.gov,7,112670
ihs.gov,8,146324
ihs.gov,9,136215
ihs.gov,10,136326
ihs.gov,11,130006
ihs.gov,12,114582
ihs.gov,13,124597
ihs.gov,14,123158
ihs.gov,15,122238
ihs.gov,16,119026
ihs.gov,17,120472
ihs.gov,18,113985
ihs.gov,19,112667
ihs.gov,20,112676
ihs.gov,21,108730
ihs.gov,22,97889
ihs.gov,23,112466
ihs.gov,24,103182
ihs.gov,25,107187
ihs.gov,26,103176
ihs.gov,27,92253
ihs.gov,28,109686
ihs.gov,29,104454
ihs.gov,30,105250
ihs.gov,31,104700
ihs.gov,32,106367
ihs.gov,33,105694
ihs.gov,34,107591
ihs.gov,35,105454
ihs.gov,36,102298
ihs.gov,37,115077
ihs.gov,38,114966
ihs.gov,39,112957
ihs.gov,40,118198
ihs.gov,41,138896
ihs.gov,42,150615
ihs.gov,43,114478
ihs.gov,44,150232
ihs.gov,45,100933
ihs.gov,46,115699
ihs.gov,47,108665
ihs.gov,48,115173
ihs.gov,49,107046
ihs.gov,50,133219
ihs.gov,51,70515
ihs.gov,52,78086
insurekidsnow.gov,1,26629
insurekidsnow.gov,2,25697
insurekidsnow.gov,3,30233
insurekidsnow.gov,4,37962
insurekidsnow.gov,5,31222
insurekidsnow.gov,6,27535
insurekidsnow.gov,7,27466
insurekidsnow.gov,8,27521
insurekidsnow.gov,9,16026
insurekidsnow.gov,10,15413
insurekidsnow.gov,11,14606
insurekidsnow.gov,12,16923
insurekidsnow.gov,13,13704
insurekidsnow.gov,14,14063
insurekidsnow.gov,15,14306
insurekidsnow.gov,16,14056
insurekidsnow.gov,17,10071
insurekidsnow.gov,18,12038
insurekidsnow.gov,19,10838
insurekidsnow.gov,20,11673
insurekidsnow.gov,21,11368
insurekidsnow.gov,22,12624
insurekidsnow.gov,23,14556
insurekidsnow.gov,24,12479
insurekidsnow.gov,25,13362
insurekidsnow.gov,26,9249
insurekidsnow.gov,27,9271
insurekidsnow.gov,28,10282
insurekidsnow.gov,29,10144
insurekidsnow.gov,30,10347
insurekidsnow.gov,31,14471
insurekidsnow.gov,32,15761
insurekidsnow.gov,33,22897
insurekidsnow.gov,34,33272
insurekidsnow.gov,35,31742
insurekidsnow.gov,36,31450
insurekidsnow.gov,37,11763
insurekidsnow.gov,38,11330
insurekidsnow.gov,39,11147
insurekidsnow.gov,40,11586
insurekidsnow.gov,41,11403
insurekidsnow.gov,42,10875
insurekidsnow.gov,43,11239
insurekidsnow.gov,44,13155
insurekidsnow.gov,45,13252
insurekidsnow.gov,46,12088
insurekidsnow.gov,47,11796
insurekidsnow.gov,48,15042
insurekidsnow.gov,49,15028
insurekidsnow.gov,50,12475
insurekidsnow.gov,51,12725
insurekidsnow.gov,52,14434
locatorplus.gov,1,708
locatorplus.gov,2,657
locatorplus.gov,3,728
locatorplus.gov,4,739
locatorplus.gov,5,726
locatorplus.gov,6,708
locatorplus.gov,7,712
locatorplus.gov,8,885
locatorplus.gov,9,745
locatorplus.gov,10,763
locatorplus.gov,11,780
locatorplus.gov,12,705
locatorplus.gov,13,572
locatorplus.gov,14,711
locatorplus.gov,15,712
locatorplus.gov,16,744
locatorplus.gov,17,724
locatorplus.gov,18,700
locatorplus.gov,19,685
locatorplus.gov,20,757
locatorplus.gov,21,609
locatorplus.gov,22,509
locatorplus.gov,23,683
locatorplus.gov,24,441
medicaid.gov,1,184764
medicaid.gov,2,177296
medicaid.gov,3,174904
medicaid.gov,4,176866
medicaid.gov,5,162704
medicaid.gov,6,154913
medicaid.gov,7,149262
medicaid.gov,8,165441
medicaid.gov,9,170307
medicaid.gov,10,164034
medicaid.gov,11,160707
medicaid.gov,12,155009
medicaid.gov,13,143841
medicaid.gov,14,148525
medicaid.gov,15,150651
medicaid.gov,16,147352
medicaid.gov,17,148122
medicaid.gov,18,144407
medicaid.gov,19,146394
medicaid.gov,20,141176
medicaid.gov,21,140997
medicaid.gov,22,132740
medicaid.gov,23,147838
medicaid.gov,24,144076
medicaid.gov,25,155188
medicaid.gov,26,148914
medicaid.gov,27,142390
medicaid.gov,28,154977
medicaid.gov,29,153435
medicaid.gov,30,153756
medicaid.gov,31,150666
medicaid.gov,32,155891
medicaid.gov,33,151348
medicaid.gov,34,150726
medicaid.gov,35,143335
medicaid.gov,36,137916
medicaid.gov,37,154396
medicaid.gov,38,160199
medicaid.gov,39,158472
medicaid.gov,40,157494
medicaid.gov,41,154276
medicaid.gov,42,168000
medicaid.gov,43,168663
medicaid.gov,44,172352
medicaid.gov,45,167304
medicaid.gov,46,163558
medicaid.gov,47,112607
medicaid.gov,48,190580
medicaid.gov,49,219359
medicaid.gov,50,217598
medicaid.gov,51,174446
medicaid.gov,52,134795
medicalcountermeasures.gov,42,262
medicalcountermeasures.gov,47,260
medicalcountermeasures.gov,50,252
medicare.gov,1,1414334
medicare.gov,2,1280116
medicare.gov,3,1348292
medicare.gov,4,1211666
medicare.gov,5,1199799
medicare.gov,6,1282536
medicare.gov,7,1433811
medicare.gov,8,1237244
medicare.gov,9,1598625
medicare.gov,10,1515828
medicare.gov,11,1460180
medicare.gov,12,1188553
medicare.gov,13,1047249
medicare.gov,14,1493743
medicare.gov,15,1163952
medicare.gov,16,1145720
medicare.gov,17,1088111
medicare.gov,18,1166423
medicare.gov,19,1180161
medicare.gov,20,1164797
medicare.gov,21,1184184
medicare.gov,22,1309311
medicare.gov,23,1286853
medicare.gov,24,1228313
medicare.gov,25,1231637
medicare.gov,26,1184887
medicare.gov,27,1458253
medicare.gov,28,1384698
medicare.gov,29,1292912
medicare.gov,30,1277348
medicare.gov,31,1463455
medicare.gov,32,1370934
medicare.gov,33,1196576
medicare.gov,34,1063240
medicare.gov,35,1022052
medicare.gov,36,1503244
medicare.gov,37,1302647
medicare.gov,38,1323058
medicare.gov,39,1972400
medicare.gov,40,2284767
medicare.gov,41,2330541
medicare.gov,42,2626729
medicare.gov,43,2587334
medicare.gov,44,2605898
medicare.gov,45,2527548
medicare.gov,46,2625412
medicare.gov,47,1914249
medicare.gov,48,3140992
medicare.gov,49,2389089
medicare.gov,50,1230233
medicare.gov,51,848457
medicare.gov,52,988785
medlineplus.gov,1,11728208
medlineplus.gov,2,12450003
medlineplus.gov,3,12906124
medlineplus.gov,4,12977278
medlineplus.gov,5,12855549
medlineplus.gov,6,12635997
medlineplus.gov,7,12415585
medlineplus.gov,8,13146739
medlineplus.gov,9,12957165
medlineplus.gov,10,12750102
medlineplus.gov,11,12729993
medlineplus.gov,12,12753786
medlineplus.gov,13,11320442
medlineplus.gov,14,12825515
medlineplus.gov,15,13655747
medlineplus.gov,16,13845817
medlineplus.gov,17,13325731
medlineplus.gov,18,12834012
medlineplus.gov,19,12784167
medlineplus.gov,20,13006262
medlineplus.gov,21,12791726
medlineplus.gov,22,12432322
medlineplus.gov,23,12674923
medlineplus.gov,24,12259520
medlineplus.gov,25,12140785
medlineplus.gov,26,11644832
medlineplus.gov,27,11746307
medlineplus.gov,28,12376924
medlineplus.gov,29,12091324
medlineplus.gov,30,11974289
medlineplus.gov,31,12170201
medlineplus.gov,32,12318986
medlineplus.gov,33,12504103
medlineplus.gov,34,12726691
medlineplus.gov,35,12626503
medlineplus.gov,36,12789903
medlineplus.gov,37,12915307
medlineplus.gov,38,13152198
medlineplus.gov,39,13279081
medlineplus.gov,40,13348393
medlineplus.gov,41,13282677
medlineplus.gov,42,13434538
medlineplus.gov,43,13139407
medlineplus.gov,44,12890136
medlineplus.gov,45,13296255
medlineplus.gov,46,13395880
medlineplus.gov,47,13028738
medlineplus.gov,48,13325950
medlineplus.gov,49,12928372
medlineplus.gov,50,12367867
medlineplus.gov,51,10347742
medlineplus.gov,52,11268047
mentalhealth.gov,1,33795
mentalhealth.gov,2,38462
mentalhealth.gov,3,40146
mentalhealth.gov,4,46539
mentalhealth.gov,5,44895
mentalhealth.gov,6,42078
mentalhealth.gov,7,41443
mentalhealth.gov,8,44749
mentalhealth.gov,9,44169
mentalhealth.gov,10,44210
mentalhealth.gov,11,42375
mentalhealth.gov,12,44826
mentalhealth.gov,13,36531
mentalhealth.gov,14,42637
mentalhealth.gov,15,46236
mentalhealth.gov,16,49995
mentalhealth.gov,17,49846
mentalhealth.gov,18,54212
mentalhealth.gov,19,49778
mentalhealth.gov,20,46364
mentalhealth.gov,21,41339
mentalhealth.gov,22,36030
mentalhealth.gov,23,33786
mentalhealth.gov,24,30674
mentalhealth.gov,25,30067
mentalhealth.gov,26,28426
mentalhealth.gov,27,33298
mentalhealth.gov,28,61247
mentalhealth.gov,29,28851
mentalhealth.gov,30,36759
mentalhealth.gov,31,35969
mentalhealth.gov,32,35435
mentalhealth.gov,33,40662
mentalhealth.gov,34,42602
mentalhealth.gov,35,42483
mentalhealth.gov,36,43966
mentalhealth.gov,37,53200
mentalhealth.gov,38,55507
mentalhealth.gov,39,56279
mentalhealth.gov,40,64755
mentalhealth.gov,41,60640
mentalhealth.gov,42,58522
mentalhealth.gov,43,61815
mentalhealth.gov,44,58222
mentalhealth.gov,45,56547
mentalhealth.gov,46,53568
mentalhealth.gov,47,41033
mentalhealth.gov,48,55221
mentalhealth.gov,49,50980
mentalhealth.gov,50,40311
mentalhealth.gov,51,20639
mentalhealth.gov,52,19868
mymedicare.gov,1,9168
mymedicare.gov,2,7305
mymedicare.gov,3,5909
mymedicare.gov,4,9006
mymedicare.gov,5,18433
mymedicare.gov,6,16346
mymedicare.gov,7,13964
mymedicare.gov,8,13918
mymedicare.gov,9,43882
mymedicare.gov,10,30026
mymedicare.gov,11,21629
mymedicare.gov,12,7173
mymedicare.gov,13,5510
mymedicare.gov,14,4266
nih.gov,1,394906
nih.gov,2,453491
nih.gov,3,472207
nih.gov,4,504257
nih.gov,5,444238
nih.gov,6,630578
nih.gov,7,385484
nih.gov,8,424825
nih.gov,9,413216
nih.gov,10,495029
nih.gov,11,406527
nih.gov,12,606241
nih.gov,13,495018
nih.gov,14,516085
nih.gov,15,512730
nih.gov,16,531776
nih.gov,17,531834
nih.gov,18,410533
nih.gov,19,467285
nih.gov,20,404105
nih.gov,21,440178
nih.gov,22,429262
nih.gov,23,409189
nih.gov,24,481509
nih.gov,25,515702
nih.gov,26,493818
nih.gov,27,386883
nih.gov,28,396832
nih.gov,29,437364
nih.gov,30,481242
nih.gov,31,466433
nih.gov,32,464019
nih.gov,33,486302
nih.gov,34,535979
nih.gov,35,568287
nih.gov,36,494575
nih.gov,37,504456
nih.gov,38,450379
nih.gov,39,418727
nih.gov,40,506173
nih.gov,41,410663
nih.gov,42,471090
nih.gov,43,447073
nih.gov,44,469016
nih.gov,45,414231
nih.gov,46,478454
nih.gov,47,342161
nih.gov,48,445810
nih.gov,49,455903
nih.gov,50,452139
nih.gov,51,404431
nih.gov,52,385929
organdonor.gov,1,16468
organdonor.gov,2,18132
organdonor.gov,3,19606
organdonor.gov,4,20731
organdonor.gov,5,25691
organdonor.gov,6,27385
organdonor.gov,7,24443
organdonor.gov,8,26218
organdonor.gov,9,28090
organdonor.gov,10,22995
organdonor.gov,11,22166
organdonor.gov,12,25588
organdonor.gov,13,23756
organdonor.gov,14,26056
organdonor.gov,15,24908
organdonor.gov,16,25493
organdonor.gov,17,24414
organdonor.gov,18,22757
organdonor.gov,19,21423
organdonor.gov,20,24508
organdonor.gov,21,20946
organdonor.gov,22,22309
organdonor.gov,23,21966
organdonor.gov,24,19904
organdonor.gov,25,20033
organdonor.gov,26,18600
organdonor.gov,27,15140
organdonor.gov,28,12812
organdonor.gov,29,13578
organdonor.gov,30,12753
organdonor.gov,31,50613
organdonor.gov,32,15405
organdonor.gov,33,13764
organdonor.gov,34,14255
organdonor.gov,35,14551
organdonor.gov,36,13648
organdonor.gov,37,12396
organdonor.gov,38,18169
organdonor.gov,39,14029
organdonor.gov,40,27335
organdonor.gov,41,19262
organdonor.gov,42,17298
organdonor.gov,43,16187
organdonor.gov,44,17642
organdonor.gov,45,19365
organdonor.gov,46,17404
organdonor.gov,47,13499
organdonor.gov,48,16865
organdonor.gov,49,19035
organdonor.gov,50,16561
organdonor.gov,51,11557
organdonor.gov,52,14030
psc.gov,1,2893
psc.gov,2,2988
psc.gov,3,2366
psc.gov,4,2972
psc.gov,5,3011
psc.gov,6,2484
psc.gov,7,2324
psc.gov,8,2588
psc.gov,9,2884
psc.gov,10,2514
psc.gov,11,2204
psc.gov,12,2284
psc.gov,13,2271
psc.gov,14,2189
psc.gov,15,2307
psc.gov,16,2345
psc.gov,17,2349
psc.gov,18,2197
psc.gov,19,2147
psc.gov,20,2386
psc.gov,21,2410
psc.gov,22,1927
psc.gov,23,2425
psc.gov,24,1982
psc.gov,25,2478
psc.gov,26,2317
psc.gov,27,2481
psc.gov,28,2676
psc.gov,29,2459
psc.gov,30,2350
psc.gov,31,2451
psc.gov,32,2364
psc.gov,33,2533
psc.gov,34,2439
psc.gov,35,2238
psc.gov,36,2170
psc.gov,37,2460
psc.gov,38,2261
psc.gov,39,2452
psc.gov,40,3123
psc.gov,41,2444
psc.gov,42,2770
psc.gov,43,2254
psc.gov,44,2615
psc.gov,45,1901
psc.gov,46,2145
psc.gov,47,1969
psc.gov,48,2233
psc.gov,49,1780
psc.gov,50,1606
psc.gov,51,1075
psc.gov,52,1164
psoppc.org,4,106
psoppc.org,6,102
recoverymonth.gov,1,216
recoverymonth.gov,2,362
recoverymonth.gov,3,238
recoverymonth.gov,4,340
recoverymonth.gov,5,311
recoverymonth.gov,6,216
recoverymonth.gov,7,330
recoverymonth.gov,8,321
recoverymonth.gov,9,371
recoverymonth.gov,10,328
recoverymonth.gov,11,317
recoverymonth.gov,12,216
recoverymonth.gov,13,350
recoverymonth.gov,14,606
recoverymonth.gov,15,654
recoverymonth.gov,16,602
recoverymonth.gov,17,573
recoverymonth.gov,18,444
recoverymonth.gov,19,490
recoverymonth.gov,20,438
recoverymonth.gov,21,225
recoverymonth.gov,22,343
recoverymonth.gov,23,406
recoverymonth.gov,24,753
recoverymonth.gov,25,722
recoverymonth.gov,26,870
recoverymonth.gov,27,792
recoverymonth.gov,28,1245
recoverymonth.gov,29,1233
recoverymonth.gov,30,1487
recoverymonth.gov,31,1594
recoverymonth.gov,32,1716
recoverymonth.gov,33,2265
recoverymonth.gov,34,1702
samhsa.gov,1,245896
samhsa.gov,2,248576
samhsa.gov,3,246650
samhsa.gov,4,264728
samhsa.gov,5,269327
samhsa.gov,6,260215
samhsa.gov,7,251983
samhsa.gov,8,279559
samhsa.gov,9,272514
samhsa.gov,10,281063
samhsa.gov,11,268773
samhsa.gov,12,278070
samhsa.gov,13,248230
samhsa.gov,14,270989
samhsa.gov,15,276578
samhsa.gov,16,275599
samhsa.gov,17,285202
samhsa.gov,18,262303
samhsa.gov,19,254662
samhsa.gov,20,261265
samhsa.gov,21,239549
samhsa.gov,22,220542
samhsa.gov,23,233765
samhsa.gov,24,221530
samhsa.gov,25,221259
samhsa.gov,26,210344
samhsa.gov,27,222862
samhsa.gov,28,233023
samhsa.gov,29,232706
samhsa.gov,30,246396
samhsa.gov,31,250248
samhsa.gov,32,229160
samhsa.gov,33,214668
samhsa.gov,34,225059
samhsa.gov,35,242595
samhsa.gov,36,248790
samhsa.gov,37,274551
samhsa.gov,38,265436
samhsa.gov,39,277884
samhsa.gov,40,293378
samhsa.gov,41,265765
samhsa.gov,42,272463
samhsa.gov,43,279141
samhsa.gov,44,301516
samhsa.gov,45,282254
samhsa.gov,46,283754
samhsa.gov,47,229963
samhsa.gov,48,303485
samhsa.gov,49,325844
samhsa.gov,50,271060
samhsa.gov,51,183723
samhsa.gov,52,196710
selectagents.gov,1,2752
selectagents.gov,2,2990
selectagents.gov,3,2660
selectagents.gov,4,3299
selectagents.gov,5,3694
selectagents.gov,6,3188
selectagents.gov,7,2923
selectagents.gov,8,3374
selectagents.gov,9,3647
selectagents.gov,10,3509
selectagents.gov,11,3197
selectagents.gov,12,3897
selectagents.gov,13,2698
selectagents.gov,14,2636
selectagents.gov,15,2597
selectagents.gov,16,2878
selectagents.gov,17,3158
selectagents.gov,18,2719
selectagents.gov,19,3030
selectagents.gov,20,3210
selectagents.gov,21,3104
selectagents.gov,22,2769
selectagents.gov,23,3088
selectagents.gov,24,3059
selectagents.gov,25,2781
selectagents.gov,26,4420
selectagents.gov,27,3423
selectagents.gov,28,3143
selectagents.gov,29,2708
selectagents.gov,30,2798
selectagents.gov,31,2844
selectagents.gov,32,3870
selectagents.gov,33,2594
selectagents.gov,34,3140
selectagents.gov,35,2988
selectagents.gov,36,2572
selectagents.gov,37,2932
selectagents.gov,38,3128
selectagents.gov,39,3566
selectagents.gov,40,3382
selectagents.gov,41,3105
selectagents.gov,42,3522
selectagents.gov,43,3683
selectagents.gov,44,3555
selectagents.gov,45,2962
selectagents.gov,46,3510
selectagents.gov,47,2827
selectagents.gov,48,4186
selectagents.gov,49,3531
selectagents.gov,50,2849
selectagents.gov,51,1626
selectagents.gov,52,1061
simplereport.gov,13,758
simplereport.gov,14,960
simplereport.gov,15,1088
simplereport.gov,16,1147
simplereport.gov,17,1441
simplereport.gov,18,1773
simplereport.gov,19,2700
simplereport.gov,20,3187
simplereport.gov,21,2264
simplereport.gov,22,1588
simplereport.gov,23,1690
simplereport.gov,24,1585
simplereport.gov,25,1747
simplereport.gov,26,1875
simplereport.gov,27,1897
simplereport.gov,28,2182
simplereport.gov,29,3157
simplereport.gov,30,4223
simplereport.gov,31,5472
simplereport.gov,32,7752
simplereport.gov,33,9095
simplereport.gov,34,10533
simplereport.gov,35,10574
simplereport.gov,36,11769
simplereport.gov,37,15108
simplereport.gov,38,17514
simplereport.gov,39,19471
simplereport.gov,40,20468
simplereport.gov,41,20042
simplereport.gov,42,22715
simplereport.gov,43,23764
simplereport.gov,44,27497
simplereport.gov,45,20948
simplereport.gov,46,17122
simplereport.gov,47,10947
simplereport.gov,48,21958
simplereport.gov,49,22232
simplereport.gov,50,21736
simplereport.gov,51,16637
simplereport.gov,52,19364
smokefree.gov,1,38565
smokefree.gov,2,38182
smokefree.gov,3,37158
smokefree.gov,4,36724
smokefree.gov,5,35836
smokefree.gov,6,33376
smokefree.gov,7,34888
smokefree.gov,8,179914
smokefree.gov,9,53095
smokefree.gov,10,42077
smokefree.gov,11,35878
smokefree.gov,12,33912
smokefree.gov,13,30618
smokefree.gov,14,35009
smokefree.gov,15,42329
smokefree.gov,16,33186
smokefree.gov,17,33469
smokefree.gov,18,30631
smokefree.gov,19,30292
smokefree.gov,20,30361
smokefree.gov,21,29697
smokefree.gov,22,28259
smokefree.gov,23,28678
smokefree.gov,24,27757
smokefree.gov,25,27393
smokefree.gov,26,25252
smokefree.gov,27,24593
smokefree.gov,28,24623
smokefree.gov,29,24226
smokefree.gov,30,24497
smokefree.gov,31,23359
smokefree.gov,32,23294
smokefree.gov,33,22185
smokefree.gov,34,23223
smokefree.gov,35,21335
smokefree.gov,36,20166
smokefree.gov,37,21304
smokefree.gov,38,21732
smokefree.gov,39,22843
smokefree.gov,40,23307
smokefree.gov,41,23366
smokefree.gov,42,23129
smokefree.gov,43,23367
smokefree.gov,44,23424
smokefree.gov,45,24074
smokefree.gov,46,23659
smokefree.gov,47,19893
smokefree.gov,48,23899
smokefree.gov,49,23111
smokefree.gov,50,19165
smokefree.gov,51,14611
smokefree.gov,52,19577
stopalcoholabuse.gov,1,361
stopalcoholabuse.gov,2,733
stopalcoholabuse.gov,3,787
stopalcoholabuse.gov,4,1418
stopalcoholabuse.gov,5,987
stopalcoholabuse.gov,6,873
stopalcoholabuse.gov,7,654
stopalcoholabuse.gov,8,1093
stopalcoholabuse.gov,9,1029
stopalcoholabuse.gov,10,810
stopalcoholabuse.gov,11,845
stopalcoholabuse.gov,12,799
stopalcoholabuse.gov,13,846
stopalcoholabuse.gov,14,837
stopalcoholabuse.gov,15,885
stopalcoholabuse.gov,16,1051
stopalcoholabuse.gov,17,1910
stopalcoholabuse.gov,18,1457
stopalcoholabuse.gov,19,1185
stopalcoholabuse.gov,20,663
stopalcoholabuse.gov,21,556
stopalcoholabuse.gov,22,424
stopalcoholabuse.gov,23,788
stopalcoholabuse.gov,24,581
stopalcoholabuse.gov,25,586
stopalcoholabuse.gov,26,329
stopalcoholabuse.gov,27,708
stopalcoholabuse.gov,28,547
stopalcoholabuse.gov,29,490
stopalcoholabuse.gov,30,352
stopalcoholabuse.gov,31,117
stopalcoholabuse.gov,32,370
stopalcoholabuse.gov,33,485
stopalcoholabuse.gov,34,450
stopalcoholabuse.gov,35,428
stopalcoholabuse.gov,36,568
stopalcoholabuse.gov,37,676
stopalcoholabuse.gov,38,838
stopalcoholabuse.gov,39,673
stopalcoholabuse.gov,40,747
stopalcoholabuse.gov,41,718
stopalcoholabuse.gov,42,795
stopalcoholabuse.gov,43,855
stopalcoholabuse.gov,44,772
stopalcoholabuse.gov,45,753
stopalcoholabuse.gov,46,660
stopalcoholabuse.gov,47,413
stopalcoholabuse.gov,48,621
stopalcoholabuse.gov,49,679
stopalcoholabuse.gov,50,385
stopalcoholabuse.gov,51,377
stopbullying.gov,1,59279
stopbullying.gov,2,73022
stopbullying.gov,3,72251
stopbullying.gov,4,83130
stopbullying.gov,5,85104
stopbullying.gov,6,77940
stopbullying.gov,7,77188
stopbullying.gov,8,97656
stopbullying.gov,9,103462
stopbullying.gov,10,100923
stopbullying.gov,11,99923
stopbullying.gov,12,96003
stopbullying.gov,13,75815
stopbullying.gov,14,83296
stopbullying.gov,15,83820
stopbullying.gov,16,71944
stopbullying.gov,17,68877
stopbullying.gov,18,76661
stopbullying.gov,19,71203
stopbullying.gov,20,72055
stopbullying.gov,21,64908
stopbullying.gov,22,62883
stopbullying.gov,23,71673
stopbullying.gov,24,59493
stopbullying.gov,25,55926
stopbullying.gov,26,55462
stopbullying.gov,27,51358
stopbullying.gov,28,47885
stopbullying.gov,29,45808
stopbullying.gov,30,47406
stopbullying.gov,31,51048
stopbullying.gov,32,58471
stopbullying.gov,33,63973
stopbullying.gov,34,73492
stopbullying.gov,35,72265
stopbullying.gov,36,81683
stopbullying.gov,37,99361
stopbullying.gov,38,106610
stopbullying.gov,39,119788
stopbullying.gov,40,145336
stopbullying.gov,41,143103
stopbullying.gov,42,167015
stopbullying.gov,43,155080
stopbullying.gov,44,154349
stopbullying.gov,45,158734
stopbullying.gov,46,167288
stopbullying.gov,47,108352
stopbullying.gov,48,153289
stopbullying.gov,49,155597
stopbullying.gov,50,118938
stopbullying.gov,51,51027
stopbullying.gov,52,43119
usphs.gov,1,9329
usphs.gov,2,10396
usphs.gov,3,12211
usphs.gov,4,16312
usphs.gov,5,10779
usphs.gov,6,9298
usphs.gov,7,8567
usphs.gov,8,9254
usphs.gov,9,9145
usphs.gov,10,8570
usphs.gov,11,8605
usphs.gov,12,8643
usphs.gov,13,10755
usphs.gov,14,9557
usphs.gov,15,9361
usphs.gov,16,8047
usphs.gov,17,8407
usphs.gov,18,9393
usphs.gov,19,8553
usphs.gov,20,8841
usphs.gov,21,8009
usphs.gov,22,8484
usphs.gov,23,9727
usphs.gov,24,8390
usphs.gov,25,8750
usphs.gov,26,8362
usphs.gov,27,8418
usphs.gov,28,9736
usphs.gov,29,9052
usphs.gov,30,8995
usphs.gov,31,8947
usphs.gov,32,8894
usphs.gov,33,9009
usphs.gov,34,9141
usphs.gov,35,8580
usphs.gov,36,8285
usphs.gov,37,12683
usphs.gov,38,9375
usphs.gov,39,8242
usphs.gov,40,7852
usphs.gov,41,7161
usphs.gov,42,19993
usphs.gov,43,9558
usphs.gov,44,8380
usphs.gov,45,9266
usphs.gov,46,8192
usphs.gov,47,6215
usphs.gov,48,7623
usphs.gov,49,8119
usphs.gov,50,6758
usphs.gov,51,5418
usphs.gov,52,6159
uspreventiveservicestaskforce.org,1,39552
uspreventiveservicestaskforce.org,2,46905
uspreventiveservicestaskforce.org,3,49056
uspreventiveservicestaskforce.org,4,50782
uspreventiveservicestaskforce.org,5,51303
uspreventiveservicestaskforce.org,6,49033
uspreventiveservicestaskforce.org,7,49520
uspreventiveservicestaskforce.org,8,51837
uspreventiveservicestaskforce.org,9,52511
uspreventiveservicestaskforce.org,10,74469
uspreventiveservicestaskforce.org,11,59932
uspreventiveservicestaskforce.org,12,57241
uspreventiveservicestaskforce.org,13,52292
uspreventiveservicestaskforce.org,14,53330
uspreventiveservicestaskforce.org,15,53275
uspreventiveservicestaskforce.org,16,50050
uspreventiveservicestaskforce.org,17,48912
uspreventiveservicestaskforce.org,18,49655
uspreventiveservicestaskforce.org,19,49766
uspreventiveservicestaskforce.org,20,67765
uspreventiveservicestaskforce.org,21,55621
uspreventiveservicestaskforce.org,22,48062
uspreventiveservicestaskforce.org,23,53193
uspreventiveservicestaskforce.org,24,51477
uspreventiveservicestaskforce.org,25,50648
uspreventiveservicestaskforce.org,26,48313
uspreventiveservicestaskforce.org,27,51975
uspreventiveservicestaskforce.org,28,54911
uspreventiveservicestaskforce.org,29,51233
uspreventiveservicestaskforce.org,30,51374
uspreventiveservicestaskforce.org,31,51638
uspreventiveservicestaskforce.org,32,52287
uspreventiveservicestaskforce.org,33,50190
uspreventiveservicestaskforce.org,34,59819
uspreventiveservicestaskforce.org,35,55635
uspreventiveservicestaskforce.org,36,55376
uspreventiveservicestaskforce.org,37,62178
uspreventiveservicestaskforce.org,38,59696
uspreventiveservicestaskforce.org,39,64972
uspreventiveservicestaskforce.org,40,62525
uspreventiveservicestaskforce.org,41,131550
uspreventiveservicestaskforce.org,42,79800
uspreventiveservicestaskforce.org,43,75400
uspreventiveservicestaskforce.org,44,72971
uspreventiveservicestaskforce.org,45,68588
uspreventiveservicestaskforce.org,46,81199
uspreventiveservicestaskforce.org,47,43364
uspreventiveservicestaskforce.org,48,59807
uspreventiveservicestaskforce.org,49,57699
uspreventiveservicestaskforce.org,50,49553
uspreventiveservicestaskforce.org,51,30464
uspreventiveservicestaskforce.org,52,29017
vaccines.gov,1,248330
vaccines.gov,2,505547
vaccines.gov,3,512362
vaccines.gov,4,451357
vaccines.gov,5,329796
vaccines.gov,6,301021
vaccines.gov,7,232381
vaccines.gov,8,301344
vaccines.gov,9,492871
vaccines.gov,10,566045
vaccines.gov,11,526603
vaccines.gov,12,495831
vaccines.gov,13,439522
vaccines.gov,14,402008
vaccines.gov,15,269245
vaccines.gov,16,209663
vaccines.gov,17,706519
vaccines.gov,18,1687432
vaccines.gov,19,2370695
vaccines.gov,20,1795191
vaccines.gov,21,1403156
vaccines.gov,22,1281116
vaccines.gov,23,1364175
vaccines.gov,24,1166807
vaccines.gov,25,1946766
vaccines.gov,26,1201979
vaccines.gov,27,1064712
vaccines.gov,28,1331030
vaccines.gov,29,1981467
vaccines.gov,30,2729280
vaccines.gov,31,1959443
vaccines.gov,32,2238887
vaccines.gov,33,3055078
vaccines.gov,34,3440982
vaccines.gov,35,1675011
vaccines.gov,36,1256007
vaccines.gov,37,1336058
vaccines.gov,38,1582769
vaccines.gov,39,1764665
vaccines.gov,40,1496390
vaccines.gov,41,1428805
vaccines.gov,42,1865327
vaccines.gov,43,2040709
vaccines.gov,44,2634918
vaccines.gov,45,2203909
vaccines.gov,46,2339435
vaccines.gov,47,2033798
vaccines.gov,48,3323792
vaccines.gov,49,2471899
vaccines.gov,50,2923376
vaccines.gov,51,2915134
vaccines.gov,52,2706622
vacunas.gov,17,5895
vacunas.gov,18,28422
vacunas.gov,19,32912
vacunas.gov,20,63983
vacunas.gov,21,82431
vacunas.gov,22,88889
vacunas.gov,23,107767
vacunas.gov,24,109711
vacunas.gov,25,120921
vacunas.gov,26,38057
vacunas.gov,27,35916
vacunas.gov,28,36585
vacunas.gov,29,49200
vacunas.gov,30,121640
vacunas.gov,31,79670
vacunas.gov,32,51364
vacunas.gov,33,42791
vacunas.gov,34,97579
vacunas.gov,35,65912
vacunas.gov,36,50144
vacunas.gov,37,46267
vacunas.gov,38,52722
vacunas.gov,39,69220
vacunas.gov,40,67802
vacunas.gov,41,66488
vacunas.gov,42,66838
vacunas.gov,43,78880
vacunas.gov,44,91445
vacunas.gov,45,127538
vacunas.gov,46,148370
vacunas.gov,47,115363
vacunas.gov,48,103112
vacunas.gov,49,70871
vacunas.gov,50,65972
vacunas.gov,51,72291
vacunas.gov,52,107259
womenshealth.gov,1,252492
womenshealth.gov,2,257048
womenshealth.gov,3,284542
womenshealth.gov,4,266587
womenshealth.gov,5,289954
womenshealth.gov,6,277436
womenshealth.gov,7,276093
womenshealth.gov,8,268983
womenshealth.gov,9,266953
womenshealth.gov,10,263422
womenshealth.gov,11,258688
womenshealth.gov,12,254751
womenshealth.gov,13,234590
womenshealth.gov,14,248317
womenshealth.gov,15,244577
womenshealth.gov,16,250559
womenshealth.gov,17,245389
womenshealth.gov,18,245538
womenshealth.gov,19,234769
womenshealth.gov,20,217481
womenshealth.gov,21,205364
womenshealth.gov,22,191197
womenshealth.gov,23,197192
womenshealth.gov,24,191445
womenshealth.gov,25,193525
womenshealth.gov,26,191181
womenshealth.gov,27,208766
womenshealth.gov,28,223270
womenshealth.gov,29,228894
womenshealth.gov,30,245046
womenshealth.gov,31,237292
womenshealth.gov,32,219873
womenshealth.gov,33,217294
womenshealth.gov,34,225096
womenshealth.gov,35,228972
womenshealth.gov,36,235810
womenshealth.gov,37,243581
womenshealth.gov,38,237110
womenshealth.gov,39,232292
womenshealth.gov,40,233469
womenshealth.gov,41,240125
womenshealth.gov,42,237508
womenshealth.gov,43,234665
womenshealth.gov,44,237981
womenshealth.gov,45,244206
womenshealth.gov,46,215866
womenshealth.gov,47,198435
womenshealth.gov,48,216740
womenshealth.gov,49,195051
womenshealth.gov,50,173687
womenshealth.gov,51,143529
womenshealth.gov,52,158624
youth.gov,42,24200
youth.gov,43,55246
youth.gov,44,58546
youth.gov,45,58170
youth.gov,46,61123
youth.gov,47,45885
youth.gov,48,64141
youth.gov,49,59907
youth.gov,50,42386
youth.gov,51,19090
youth.gov,52,19121
